电影名,年份,上映时间,类型,时长,评分,语言,导演,作者,宣传语,简介
肖申克的救赎,1994,1994-09-23,"剧情,犯罪",142,87,英语,弗兰克·德拉邦特,斯蒂芬·金,恐惧会将你囚禁，希望则能让你获得自由。,安迪·杜佛兰被错判谋杀妻子及其情人，在缅因州肖申克服刑，判处两项无期徒刑接连执行。影片背景设定于1940年代，展现安迪如何在残酷的监狱环境中艰难求生，甚至赢得狱友们的敬重——尤其是与老囚徒“瑞德”·雷丁之间深厚的友谊。
教父,1972,1972-03-24,"剧情,犯罪",175,87,英语,弗朗西斯·科波拉,马里奥·普佐,An offer you can't refuse.,40年代的美国，“教父”维托·唐·柯里昂是黑手党柯里昂家族的首领，带领家族从事非法的勾当，但同时他也是许多弱小平民的保护神，深得人们爱戴。因为拒绝了毒枭索洛索的毒品交易要求，柯里昂家族和纽约其他几个黑手党家族的矛盾激化、圣诞前夕，索洛索劫持了“教父”的参谋汤姆，并派人暗杀“教父”；因为内奸的出卖，“教父”的大儿子逊尼被仇家杀害；小儿子麦克也被卷了进来，失去爱妻。黑手党家族之间的矛盾越来越白热化。年老的“教父”面对丧子之痛怎样统领全局？黑手党之间的仇杀如何落幕？谁是家族的内奸？谁又能够成为新一代的“教父”？血雨腥风和温情脉脉，在这部里程碑式的黑帮史诗巨片里真实上演。
教父2,1974,1974-12-20,"剧情,犯罪",200,86,英语,弗朗西斯·科波拉,马里奥·普佐,The rise and fall of the Corleone empire.,作为《教父》的续篇，影片延续了科莱昂家族两代权力交替的史诗。科波拉在第二部分中讲述了两条故事线：由罗伯特·德尼罗以非凡演技演绎的年轻教父维托的根源与崛起，以及迈克尔（阿尔·帕西诺饰）作为新任教父的上位之路。[派拉蒙影业]
辛德勒的名单,1993,2019-04-06,"剧情,历史,战争",195,86,英语,史蒂文·斯皮尔伯格,托马斯·肯尼利,谁拯救了一条生命，谁就拯救了整个世界。,史蒂文·斯皮尔伯格的史诗剧情片，讲述了德国商人奥斯卡·辛德勒震撼人心的真实故事——他来到纳粹占领下的波兰本为谋利，离去时却成为了拯救者。[History in Film]
十二怒汉,1957,1957-04-10,剧情,96,86,英语,雷金纳德·罗斯,西德尼·卢梅特,命悬其手，死视其意,西德尼·吕美特执导的本片堪称电影史上最颠覆的法庭剧。这部改编自雷金纳德·罗斯电视剧的经典之作，以密室内群像戏的精炼笔法，透视美国司法体系的肌理，张力十足。亨利·方达饰演的异议者，在由白人男性组成的陪审团中孤身抗辩——其余成员皆急于裁定被控弑父的波多黎各少年有罪。故事在一个闷热的午后、一间汗流浃背的房间里层层推进，最终凝聚成一部史诗规模的思辨传奇。吕美特这部震撼人心的导演处女作，精准捕捉了1950年代美国社会变革的前夜，成就了影史不朽的首作丰碑。[标准收藏公司]
Selena Gomez: My Mind & Me,2022,2022-11-02,"纪录,音乐",95,85,英语,阿莱克·凯西西恩,Paul Marchand,"Every breath, a breakthrough.",在聚光灯下多年之后，赛琳娜·戈麦斯获得了难以想象的明星地位。但就在她到达一个新的高峰时，一个意外的转折把她拉进了黑暗。这部独特的、亲密的纪录片跨越了她六年的旅程，展现了她新的光芒。
¿Quieres ser mi hijo?,2023,2023-09-21,"喜剧,爱情",100,85,英语,Ihtzi Hurtado,,简介,"Lu, a conformist woman in her forties, learns that her 15-year partner has been having extramarital affairs. Starting from scratch, she gets involved in an unexpected relationship with a young womanizer."
千与千寻,2001,2019-06-21,"动画,家庭,奇幻",125,85,日语,宫崎骏,,隧道的另一头，是不可思议的小镇,小女孩千寻被困在一个陌生的精灵世界。当她的父母发生神秘变化后，她必须鼓起自己从未发现的勇气，才能解救自己，并将家人带回外面的世界。
蝙蝠侠：黑暗骑士,2008,2018-04-07,"动作,犯罪,惊悚",152,85,英语,克里斯托弗·诺兰,鲍勃·凯恩,黎明前的夜是最漆黑的,蝙蝠侠在打击犯罪的战争中加大了赌注。在吉姆·戈登警长与地方检察官哈维·丹特的协助下，蝙蝠侠决心清除肆虐哥谭街头的残余犯罪组织。这一联手行动卓有成效，但他们很快发现自己沦为了一场混沌统治的猎物——这场混乱由一位新兴犯罪大师所掀动，惶恐的哥谭市民称他为“小丑”。[华纳兄弟影业]
勇夺芳心,1995,1995-10-20,"喜剧,剧情,爱情",190,85,印地语,Aditya Chopra,,"Come… Fall In love, All Over Again…",乔德利和妻子结婚多年，一直十分恩爱。两人共同养育了两个女儿希姆莱和图吉，两个姑娘都出落得亭亭玉立。一晃眼，希姆莱就到了该嫁人的年纪了，尽管乔德利一家人已经在伦敦生活了二十多年了，但乔德利骨子里依旧是一个传统的印度人。乔德利将希姆莱许配给了朋友的儿子库杰，这让希姆莱感到十分不满。一次偶然中，希姆莱邂逅了名为拉杰的印度男子，尽管拉杰为人轻浮，油腔滑调，但希姆莱还是同他坠入了情网。得知此事的乔德利举家迁回了印度，拉杰亦紧跟其后，他要如何才能获得乔德利的认可呢？
绿里奇迹,1999,1999-12-10,"奇幻,剧情,犯罪",189,85,英语,弗兰克·德拉邦特,斯蒂芬·金,Paul Edgecomb didn't believe in miracles. Until the day he met one.,1935年。美国南部惨淡肃杀的冷山监狱。这里有片一英里长的绿地，人们叫它“绿里”。不过，它的居民皆为死囚，在绿地的另一头，便是行刑用的电椅。保罗·艾治科姆（汤姆·汉 克斯饰）是这里的狱监，对于走过“绿里”、继而在电椅上惨叫毙命的死囚行刑程序，他俨然已无动于衷。除了保罗及其爱妻简外，“绿里”上还有凶残的副狱监豪威尔，有施虐倾向 的狱吏佩西，良心未泯的看守海尔和他身患绝症的妻子美琳达，喜用宠物鼠逗狱吏和诸“难友”取乐的德拉克，连环杀人狂威廉，负疚深重的犯人彼特等一干形形色色的人们。他们之 间充满了敌意和不屑。但神秘的约翰·考夫利的到来改变了一切。考夫利因谋杀两名幼女被 判死罪，他相貌恐怖，体形硕大，却出奇地平和、敏感而缄默，天真时甚至像个孩子，同时， 他似乎还具有一种不可名状的神秘力量，令人不由自主地对其产生信任感，这不禁让艾治科姆对其罪行是否属实深怀疑问。 真情无法取代程式，考夫利终要走过“绿里”。在这个貌似粗鲁的男人即将赴死的刹那，“绿里”上的人们以不同以往的形式实现了各自生命的重要跨越。
指环王3：王者无敌,,2003-12-17,"冒险,奇幻,动作",263,85,英语,彼得·杰克逊,J.R.R.托尔金,敌人的邪眼在移动,索伦大军为剿灭人类种族，已对刚铎都城米那斯提力斯展开围攻。这座昔日的伟大王国由一位日渐衰弱的摄政王守护，此刻比任何时候都更需要它的王者归来。但阿拉贡能否回应血脉的召唤，成为命定之君？中土世界的命运，正系于他宽阔的双肩。
寄生虫,2019,2019-07-28,"喜剧,惊悚,剧情",132,85,朝鲜语,奉俊昊,韩进元,表现得好像这个地方是你的似的。,这部定义时代精神的惊世之作，将全球范围内对阶级不平等的审视浓缩为一场流行电影的反叛风暴。奉俊昊导演以这部打破类型桎梏的黑色喜剧惊悚片，奠定了其世界顶尖电影作者的地位。故事聚焦首尔的两个家庭——一户在低洼社区潮湿半地下室里挣扎求生的底层家庭，另一户则居住于可俯瞰城市的现代建筑奇观中尽享奢华。当两家人的命运因危险关系交织在一起时，资本主义的黑暗裂隙以惊人之势被彻底撕裂。影片凭借导演精心构建的戏剧场景、出色的群像演绎与震撼的视觉设计，成为一部技艺卓绝的典范之作。从戛纳到奥斯卡，横扫几乎所有国际至高奖项，更以首部非英语片问鼎最佳影片的历史性突破，宣告韩国新电影已成为不可忽视的世界力量。[标准收藏公司]
低俗小说,1994,2024-04-18,"惊悚,犯罪,喜剧",154,85,英语,昆汀·塔伦蒂诺,罗杰·阿瓦里,仅仅因为你是一个角色并不意味着你有角色。,数段相互勾连的罪案谜局，在洛杉矶的地下世界交织成一副时空交错的拼图。
你的名字。,2016,2016-12-02,"动画,爱情,剧情",106,85,日语,新海诚,,我正在寻觅未曾相识的你。,在远离大都会的小山村，住着巫女世家出身的高中女孩宫水三叶（上白石萌音 配音）。校园和家庭的原因本就让她充满烦恼，而近一段时间发生的奇怪事件，又让三叶摸不清头脑。不知从何时起，三叶在梦中就会变成一个住在东京的高中男孩。那里有陌生的同学和朋友，有亲切的前辈和繁华的街道，一切都是如此诱人而真实。另一方面，住在东京的高中男孩立花泷（神木隆之介 配音）则总在梦里来到陌生的小山村，以女孩子的身份过着全新的生活。许是受那颗神秘彗星的影响，泷和三叶在梦中交换了身份。他们以他者的角度体验着对方的人生，这期间有愤怒、有欢笑也有暖心。只是两人并不知道，身份交换的背后隐藏着重大而锥心的秘密……
星际穿越,2014,2014-11-12,"冒险,剧情,科幻",169,85,英语,克里斯托弗·诺兰,乔纳森·诺兰,人类的下一步将迈向非凡,近未来的地球黄沙遍野，小麦、秋葵等基础农作物相继因枯萎病灭绝，人类不再像从前那样仰望星空，放纵想象力和灵感的迸发，而是每日在沙尘暴的肆虐下倒数着所剩不多的光景。在家务农的前NASA宇航员库珀接连在女儿墨菲的书房发现奇怪的重力场现象，随即得知在某个未知区域内前NASA成员仍秘密进行一个拯救人类的计划。多年以前土星附近出现神秘虫洞，NASA借机将数名宇航员派遣到遥远的星系寻找适合居住的星球。在布兰德教授的劝说下，库珀忍痛告别了女儿，和其他三名专家教授女儿艾米莉亚·布兰德、罗米利、多伊尔搭乘宇宙飞船前往目前已知的最有希望的三颗星球考察。他们穿越遥远的星系银河，感受了一小时七年光阴的沧海桑田，窥见了未知星球和黑洞的壮伟与神秘。在浩瀚宇宙的绝望而孤独角落，总有一份超越了时空的笃定情怀将他们紧紧相连……
黄金三镖客,1966,2018-04-16,西部,161,85,意大利语,赛尔乔·莱昂内,卢西亚诺·文森佐尼,对这三人来说内战不是地狱，是天堂,对三个男人而言，内战并非地狱……而只是热身！克林特·伊斯特伍德再度化身“无名客”，此番联手两名枪手，共同追寻一批价值20万美元的黄金，决不让任何人阻挡——哪怕是内战中的交战派系。[米高梅]
阿甘正传,1994,2020-08-25,"喜剧,剧情,爱情",142,85,英语,罗伯特·泽米吉斯,温斯顿·格鲁姆,人生就像一盒巧克力，你永远不知道下一块会是什么味道,透过被命运眷顾的单纯者阿甘的双眼，全景式展现了美国历史上动荡的三十年。
人类,2015,2015-09-12,纪录,191,85,法语,Yann Arthus-Bertrand,,简介,"每个人背后都有一个足以撼动心灵的故事。法国知名的摄影师Yann Arthus-Bertrand就用了3年的时间，走访全球60个国家，让2,020位不同肤色、种族、性别的人，在镜头前诉说自己的故事。由乌克兰的自由战士、马里的农民，到美国的死囚，各人的故事集结成一部纪录片《人类》。纪录片中，受访者只站在纯黑色的背景中细诉自己的故事，没有花巧的剪接，甚至不多赘述受访者的身份。每个人自身的经历，足以为观众带来震撼。"
好家伙,1990,1990-09-19,"剧情,犯罪",145,85,英语,马丁·斯科塞斯,尼古拉斯·皮莱吉,在黑手党中度过的三十年人生。,本片改编自尼古拉斯·派勒吉的畅销书《好家伙》，由马丁·斯科塞斯执导，展现了近30年纽约黑帮生涯的真实图景。
七武士,1954,1954-04-26,"动作,剧情",207,85,日语,黑泽明,桥本忍,在悬念和场面方面无与伦比！,这部影史最具震撼力的史诗巨制，讲述十六世纪某村庄的绝望村民雇佣七位武士抵御山贼侵袭的故事。黑泽明历时三个多小时的银幕征程，通过传奇演员三船敏郎与志村乔的演绎，将哲学沉思与娱乐观赏、细腻人情与激烈战斗完美交融，铸就这部关于勇气与希望的丰碑之作——其故事之丰饶、意境之深远，令人过目难忘。[标准收藏公司]
大卫·爱登堡：地球上的一段生命旅程,2020,2020-09-28,"纪录,剧情",83,84,英语,艾雷斯泰·法瑟吉尔,Keith Scholey,简介,大卫·爱登堡讲述了他的一生以及地球上生命的进化史，以此来哀悼自然栖息地的消失，并表达了对未来的愿景。
萤火虫之墓,1988,1988-04-16,"动画,剧情,战争",89,84,日语,高畑勋,,Why do fireflies have to die so soon?,在二战期间的日本，一对年幼的兄妹挣扎求生的故事。
美丽人生,1997,1997-12-20,"喜剧,剧情",116,84,意大利语,罗伯托·贝尼尼,文森佐·塞拉米,最美丽的谎言,犹太青年圭多（罗伯托·贝尼尼）邂逅美丽的女教师多拉（尼可莱塔·布拉斯基），他彬彬有礼的向多拉鞠躬：“早安！公主！”。历经诸多令人啼笑皆非的周折后，天遂人愿，两人幸福美满的生活在一起。然而好景不长，法西斯政权下，圭多和儿子被强行送往犹太人集中营。多拉虽没有犹太血统，毅然同行，与丈夫儿子分开关押在一个集中营里。聪明乐天的圭多哄骗儿子这只是一场游戏，奖品就是一辆大坦克，儿子快乐、天真的生活在纳粹的阴霾之中。尽管集中营的生活艰苦寂寞，圭多仍然带给他人很多快乐，他还趁机在纳粹的广播里问候妻子：“早安！公主！”法西斯政权即将倾覆，纳粹的集中营很快就要接受最后的清理，圭多编给儿子的游戏该怎么结束？他们一家能否平安的度过这黑暗的年代呢？
切腹,,1962-09-15,"动作,剧情,历史",135,84,日语,小林正树,安彦滉,男人的尊严，男人的挣扎。,家族没落后，失业武士仲代达矢来到井伊藩主的宅邸，请求允许他在此切腹自尽。藩主家臣认定这名走投无路的浪人只是想讨份差事，遂逼迫他当场切腹——却低估了他坚守的信念与对尊严的执着。本片由小林正树执导，荣获戛纳电影节评委会特别奖，以凌厉笔触刻画了个体在腐朽伪善体制下的抗争。
搏击俱乐部,1999,1999-10-15,"剧情,惊悚",139,84,英语,大卫·芬奇,恰克·帕拉尼克,搏击俱乐部的第一条规则是你不要谈论搏击俱乐部,杰克( 爱德华·诺顿 Edward Norton 饰)是一个充满中年危机意识的人，他非常憎恨自己的生活及一切，再加上他患有严重的失眠症，所以他常常参加各种团体咨询会，只为了能接触人群。在某一个团体咨询会上，杰克遇上了一个跟他同样理由来参加的女烟枪，玛拉(海伦娜·邦汉·卡特 Helena Bonham Carter  饰)，在莫名激素的影响下，杰克和玛拉一起逃离了咨询会，两人的情愫因而滋生…  一个偶然的机会，杰克遇到了卖肥皂的商人泰勒(布拉德·皮特 Brad Pitt 饰)，一个浑身充满叛逆、残酷和暴烈的痞子英雄，并因为自己公寓失火而住进了泰勒破旧不堪的家中。两人因缘际会地成为了好朋友，并创立了“搏击俱乐部”：一个让人们不戴护具而徒手搏击，宗旨在于发泄情绪的地下组织。
上帝之城,2002,2015-04-18,"剧情,犯罪",129,84,葡萄牙语,卡蒂亚·伦德,费尔南多·梅里尔斯,"If you run, the beast catches you; if you stay, the beast eats you.",巴西里约热内卢的贫民窟，这里是“上帝之城”，更是魔鬼也会叹息着转身的地方。
指环王1：护戒使者,2001,2001-12-19,"冒险,奇幻,动作",228,84,英语,彼得·杰克逊,J.R.R.托尔金,至尊戒 驭众戒,J.R.R.托尔金的文学巨著首次以电影形式磅礴呈现——这是一场正义对抗邪恶的史诗冒险，一段关于友谊力量与个人勇气的传奇，更是一次为人类纪元开辟道路的英雄征程。
天堂电影院,1988,2019-06-15,"剧情,爱情",124,84,意大利语,朱塞佩·托纳多雷,瓦娜·波利,青春、友谊与电影永恒魅力的颂扬。,在意大利南部小镇姜卡尔多，童年的小多多不仅喜欢看电影，还喜欢看放映师艾弗达“剪”电影：在40年代的意大利小镇上，电影在放映之前都要经由牧师检查，把认为观众不宜的镜头（比如接吻戏）严格地剪掉之后，才可以放映。好心的艾佛特为了让更多的观众看到电影，搞了一次露天电影，结果胶片着火了，多多把艾弗达从火海中救了出来，但艾弗达双目失明。多多成了小镇唯一会放电影的人，他接替艾佛特成了小镇的电影放映师。多多渐渐长大，他爱上了银行家的女儿艾莲娜。初恋的纯洁情愫美如天堂，但是一对小情侣的海誓山盟被艾莲娜父亲的阻挠给隔断了，托托去服兵役，而艾莲娜去念大学。伤心的多多在艾佛达的鼓励下，离开小镇，追寻自己生命中的梦想……30年后，艾佛达去世，此时的多多已经是功成名就的导演，他回到了家乡参加艾弗达的葬礼。老放映员留给他一份礼物，原来是当初被镇上的检查员勒令剪掉的吻戏胶片。多多看着这些镜头，突然发现自己已经理解了生命中的一切。
蛊惑兄弟,2000,2000-09-15,"喜剧,剧情,奇幻,爱情",121,84,葡萄牙语,Guel Arraes,Ariano Suassuna,Lying with faith is not always a sin.,智高和杰克，一对患难穷兄弟，四出寻找工作，最终在面包店找到差事。但店主极为刻薄，兄弟俩的食物比狗还要差。阴差阳错，他们弄死了店主的狗，更要哄骗神父替小狗祈福，闹出笑话连篇。及后智高暗恋大财主之女路仙霞。但智高过于害羞，久久未能成事；杰克唯有替智高制造机会。一日，镇里来了一班悍匪，洗劫村民之余，更进行杀戮游戏……
鱿鱼游戏： 第二季 制作特辑,2025,2025-01-03,纪录,28,84,朝鲜语,,,简介,三年前，鱿鱼游戏由456号选手（李政宰 饰）胜出，他本想远走高飞，却在搭机赴美前临阵反悔，决心展开新计划。成奇勋再度投身这场神秘的生存游戏，又一次赌上性命，与一群新的参赛者一起争夺高达456亿韩元的奖金。
妙不可言,2021,2021-06-17,"家庭,剧情",88,84,西班牙语,Ernesto Contreras,Estéfani Enríquez Soto,There are encounters that change your life,生活是如此奇妙且难以预测，有时会在最不经意的地方发现幸福：一位七旬老妪和她的少年邻居之间产生了深厚的友谊。
惊魂记,1960,1960-06-22,"恐怖,惊悚,悬疑",109,84,英语,阿尔弗雷德·希区柯克,罗伯特·布洛克,一种全新的、截然不同的银幕刺激！,凤凰城一女秘书卷走客户四万美元公款，仓皇出逃途中入住一家偏僻汽车旅馆。旅馆经营者诺曼·贝茨是位受其母亲支配的年轻人。
指环王2：双塔奇兵,2002,2002-12-18,"冒险,奇幻,动作",235,84,英语,彼得·杰克逊,J.R.R.托尔金,一股新力量正在崛起,在J.R.R.托尔金史诗三部曲的第二篇章中，护戒同盟队面对难以想象的敌军与诡谲阴谋，同时见证了远古奇迹与同胞未觉醒的力量。
飞越疯人院,1975,1975-11-19,剧情,133,84,英语,米洛斯·福尔曼,肯·克西,如果他疯了，那你怎么了？,在州立精神病院里休养总比蹲监狱强，对吧？兰德尔·P·麦克墨菲（杰克·尼科尔森 饰），一个血管里流淌着闪电、舌绽莲花的自由派骗子，装疯混进了他所谓的“疯子们”中间。很快，他那极具感染力的无序感便与麻木的例行程序发生冲撞。当世界大赛正酣时，这群被镇静剂泡透的家伙怎能披着浴袍拖沓度日？这意味着战争！一方是麦克墨菲，另一方则是轻声细语的拉契特护士（路易丝·弗莱彻 饰）——这位影史上最冷酷可怕的恶魔之一。而赌注，是整个病房每位患者的命运。[华纳兄弟]
素媛,2013,2013-10-02,剧情,122,84,朝鲜语,李濬益,曹重勋,在最痛的地方，开出最美的花,她是一个美丽平凡的小女孩，和爸爸妈妈生活在位于街角的家中。家里经营着以她的名字素媛命名的杂货店，母亲作为老板娘日夜忙碌不得闲暇，父亲则在工厂干着繁重的工作。在那个飘雨的早上，素媛打着雨伞独自上学。在离学校近在咫尺的地方，她遭遇一个相貌猥琐、酒气冲天的大叔，由此开启了她的悲剧之旅。柔嫩的小花遭到暴风雨无情摧残，受伤的岂止枝枝叶叶，更是那迎着阳光无忧成长的心。无良媒体铺天盖地大肆渲染，作为受害者的素媛一家仿佛成了周身污秽的耻辱之人，被四周诧异好奇的目光所包围。妈妈悲痛欲绝，几近崩溃。爸爸全力保护女儿，但受伤的小天使却拒绝爸爸的靠近。问凶之路伴随着天使的治愈旅程，美丽的女孩可会再露灿烂笑容？
加百列的地狱,2020,2020-05-29,"爱情,剧情",122,84,英语,Tosca Musk,Sylvain Reynard,简介,一个迷人的探索诱惑，禁止的爱，和救赎，一个迷人和激情的故事，一个人从他自己的地狱，因为他试图赢得不可能的宽恕和爱。
蜘蛛侠：平行宇宙,2018,2018-12-21,"动画,动作,冒险,科幻",116,84,英语,罗德尼·罗斯曼,菲尔·洛德,任何人都可以成为英雄。,《乐高大电影》和《龙虎少年队》的创作灵魂菲尔·罗德与克里斯托弗·米勒，将他们独特的才华注入一个全新的蜘蛛侠宇宙，开创了前所未见的突破性视觉风格。本片讲述了布鲁克林少年迈尔斯·莫拉莱斯（沙梅克·摩尔 配音）的冒险故事，并揭开了蜘蛛宇宙的无限可能——在那里，能够戴上英雄面具的远不止一人。[索尼影业]
星球大战5：帝国反击战,1980,1980-05-21,"冒险,动作,科幻",124,84,英语,厄文·克什纳,劳伦斯·卡斯丹,冒险在继续……,星球大战事件三年后，帝国军队继续追捕义军。义军在霍斯冰原星球战败后，卢克前往达戈巴星球，跟随自共和国覆灭后隐居的绝地大师尤达进行训练。为诱使卢克堕入黑暗面，达斯·维达将年轻的天行者引入贝斯平云城的陷阱。在与西斯尊主的激烈光剑对决中，卢克面对一个惊人的真相。[20世纪福克斯]
哈尔的移动城堡,2024,2024-04-30,"奇幻,动画,冒险",119,84,日语,宫崎骏,戴安娜·温尼·琼斯,带着心爱的人在天空飞翔。,一部精彩的动画冒险新作，颂扬了爱情的力量可以改变一切，以及人类精神面对逆境时的韧性。[迪士尼]
美国往事,1984,2015-04-23,"剧情,犯罪",229,84,英语,赛尔乔·莱昂内,哈里·格雷,犯罪、激情与权力欲望。,二十年代的美国，纽约少年“面条”和几个同龄朋友一起认识了聪明狡黠的“麦克斯”，他们开始从事走私活动。不久，面条在一场械斗中杀伤人命，被关进监牢。若干年后，“面条”出狱，当时的小伙伴们已经变成了健壮的青年人，在“麦克斯”的带领下，他们开始了一系列抢劫、盗窃、敲诈活动。随着犯罪活动的不断深入， “麦克斯”似乎被胜利冲昏了头脑，竟然把美国联邦储备银行也列入了行动目标。“面条”不忍眼看好友走向毁灭，偷偷打电话报警，想逼迫“麦克斯”收手。警察与 “面条”的朋友展开激烈枪战，“麦克斯”等人全部被杀。“面条”带着深深的悔恨和痛苦，离开纽约，回到年少时生长的地方。三十五年过去了，几近垂暮的“面条”重新回到纽约的伤心地，他遇见了少时的朋友和旧情人，而当年“麦克斯”他们的死，背后竟然包含着出乎意料的阴谋。
声之形,2016,2017-09-08,"动画,剧情,爱情",130,84,日语,山田尚子,吉田玲子,有时答案就是学会倾听，如此简单。,西宫硝子（早见沙织 配音）生来患有听觉障碍，要依靠助听器和外界交流，口语发音也因此格外的古怪。小学时，硝子转入了一所新的学校，特殊的生理缺陷让她成为了班上引人注目的独特存在，她因此收获了坚实的友情，却也遭到了以男生石田将也（入野自由 配音）为首的小团体的孤立和排挤。随着时 间的推移，无心或有意的恶作剧渐渐升级，最终演变成为了无法挽回的伤害，硝子永远的消失在了众人的眼前。排挤硝子的事情曝光后，将也成为了下一个被欺负的对象，孤独痛苦的他终于理解了硝子的隐忍和温柔，只是他再也没有机会跟硝子道歉了。一次偶然中，将也同硝子重逢了，命运的齿轮重新开始了转动。
七宗罪,1995,1995-09-22,"犯罪,悬疑,惊悚",127,84,英语,大卫·芬奇,安德鲁·凯文·沃克,饕餮。贪婪。懒惰。嫉妒。暴怒。傲慢。色欲。,“暴食”、“贪婪”、“懒惰”、“嫉妒”、“骄傲”、“淫欲”、“愤怒”，这是天主教教义所指的人性七宗罪。城市中发生的连坏杀人案，死者恰好都是犯有这些教义的人。凶手故弄玄虚的作案手法，令资深冷静的警员沙摩塞（摩根•弗里曼 Morgan Freeman 饰）和血气方刚的新扎警员米尔斯（布拉德•皮特 Brad Pitt 饰）都陷入了破案的谜团中。他们去图书馆研读但丁的《神曲》，企图从人间地狱的描绘中找到线索，最后从宗教文学哲学的世界中找到了凶手作案计划和手段的蛛丝马迹。凶手前来投案自首，这令众人都松了一口气，以为案件就此结束，怎料还是逃不出七宗罪的杀人逻辑，这次凶手瞄准的目标，是那个犯了“愤怒”罪的人……
钢琴家,2002,2003-01-24,"剧情,战争",150,84,英语,罗曼·波兰斯基,罗纳德·哈伍德,音乐是他的激情所在。生存则是他的杰作。,波兰犹太裔天才钢琴家瓦迪斯瓦夫·什皮尔曼逃脱了驱逐，被迫生活在华沙犹太区的中心，亲历苦难、屈辱与挣扎。他设法逃出并藏身于首都的废墟中，一名德国军官向他伸出援手，助他幸存。[焦点影业]
爆裂鼓手,2014,2024-12-06,"剧情,音乐",107,84,英语,达米恩·查泽雷,,The road to greatness can take you to the edge.,年轻的爵士鼓手安德鲁·奈曼就读于全国顶尖的音乐学院，师从令人畏惧的爵士乐导师特伦斯·弗莱彻，在成为顶尖爵士鼓手的道路上奋力挣扎。
加百列的地狱：第二部,2020,2020-07-31,"爱情,剧情",106,84,英语,Tosca Musk,Sylvain Reynard,简介,加布里埃尔·爱默生教授终于发现了朱莉娅·米切尔身份的真相，但他的意识到为时已晚。茱莉亚最终希望这位受人尊敬的但丁专家会记住她，并且不想再与他有任何关系。加布里埃尔能在别人的怀抱中找到爱之前赢回她的心吗？
盗梦空间,2010,2010-09-01,"动作,科幻,冒险",148,84,英语,克里斯托弗·诺兰,,你的梦境 就是 犯罪现场,道姆·柯布与同事阿瑟和纳什在一次针对日本能源大亨齐藤（渡边谦 饰）的盗梦行动中失败，反被齐藤利用。齐藤威逼利诱因遭通缉而流亡海外的柯布帮他拆分他竞争对手的公司，采取极端措施在其唯一继承人罗伯特·费希尔的深层潜意识中种下放弃家族公司、自立门户的想法。为了重返美国，柯布偷偷求助于岳父迈尔斯，吸收了年轻的梦境设计师艾里阿德妮、梦境演员艾姆斯和药剂师约瑟夫加入行动。在一层层递进的梦境中，柯布不仅要对付费希尔潜意识的本能反抗，还必须直面已逝妻子梅尔的处处破坏，实际情况远比预想危险得多……
防弹少年团：燃烧舞台电影版,2018,2018-11-15,"音乐,纪录",85,84,朝鲜语,Park Jun-soo,,"From the deserts to the seas, we were always together.","防弹少年团的故事将被拍成电影,11月CGV上映!据体育东亚独家报道,讲述防弹少年团成长故事的纪录片形式电影"
加百列的地狱：第三部,2020,2020-11-19,"爱情,剧情",122,84,英语,Tosca Musk,Sylvain Reynard,简介,一个黑暗的人带着恶意从茱莉亚的过去回来了。加布里埃尔有他需要分享的秘密，但担心如果他这样做，他会失去一切。他们的关系会经受住秘密揭露的考验吗？他们对但丁和弗洛伦斯的共同热爱会是他们所希望的一切吗？
露西·希姆斯和和平王子,2020,2020-10-19,"剧情,家庭",87,84,英语,Rob Diamond,,简介,假日季节，一位天使帮助一个冷酷的罪犯和一个早熟的小女孩相遇，并改变了他们的内心，从而给予他们第二次机会。
天国与地狱,1963,1963-03-01,"剧情,犯罪",142,84,日语,黑泽明,埃文·亨特,剧情紧张激烈，几乎令人难以置信！,在黑泽明这部极具影响力的家庭伦理剧与刑侦叙事杰作中，三船敏郎饰演的富商权藤金吾令人过目难忘——其家人沦为冷血绑匪的勒索目标。改编自艾德·麦可班恩侦探小说《国王的赎金》的本片，游刃有余地从分秒必争的惊悚剧过渡为精准的社会剖析，铸就了一部关于阶级矛盾与当代日本社会的犀利影像论著。[标准收藏公司]
沉默的羔羊,1991,2018-04-16,"犯罪,惊悚,剧情",119,83,英语,乔纳森·戴米,托马斯·哈里斯,要进入杀手的头脑，她必须挑战疯子的头脑。,"在这部改编自托马斯·哈里斯畅销小说的惊世之作中，技艺超凡的导演乔纳森·戴米以令人毛骨悚然的笔触，勾勒出缠绕美国社会的梦魇——连环谋杀。朱迪·福斯特颠覆性地诠释了联邦调查局见习探员克拉丽丝·史达琳的形象，为洞悉另一名连环杀手的心智，她不得不求助于恶名昭彰的""食人魔""汉尼拔·莱克特，此番表演亦成为其演艺生涯中最令人难忘的篇章。与她交锋的安东尼·霍普金斯，则塑造出堪称典范的暗黑英雄形象——优雅博学、机锋凌厉却暗藏杀戮本能，令人战栗地呈现了人性彻底堕落的剖面。这部兼具扣人心弦的刑侦叙事与扭曲心理深度探索的杰作，当年横扫奥斯卡最佳影片、导演、改编剧本、男女主角五项大奖，至今仍是影史文化里程碑。[标准收藏公司]"
后窗,1954,2019-04-13,"惊悚,悬疑",112,83,英语,阿尔弗雷德·希区柯克,约翰·迈克尔·海耶斯,只需一个目击者，就能破坏这桩完美的犯罪。,一位足不出户的摄影师透过公寓窗户窥见邻居们的隐秘生活，当他断定其中一人犯下谋杀罪行时，一场扣人心弦的观察与博弈就此展开。詹姆斯·斯图尔特与格蕾丝·凯利联袂出演这场由阿尔弗雷德·希区柯克执导的、在有限空间内层层铺陈悬念的影史经典。
激进教学,2023,2023-10-19,剧情,122,83,西班牙语,Christopher Zalla,,Think for yourself.,在一个充满忽视、腐败和暴力的墨西哥边境小镇，一名老师决定尝试一种激进的新方法来释放学生的潜力与好奇心，甚至发掘出他们的天才之处。
蜘蛛侠：纵横宇宙,2023,2023-06-02,"动画,动作,冒险,科幻",140,83,英语,肯普·鲍尔斯,贾斯汀·K·汤普森,每个人都说这是蜘蛛侠注定的命运，但我要找到属于自己的路。,荣获奥斯卡奖的蜘蛛侠平行宇宙传奇迎来全新篇章。在这段史诗级冒险中，布鲁克林的全职邻家英雄蜘蛛侠迈尔斯·莫拉莱斯将穿越多元宇宙，与格温·史黛西及全新蜘蛛侠团队集结成军，直面前所未见的强大反派。[索尼影业]
链锯人剧场版：蕾塞篇,2025,2025-09-19,"动画,动作,爱情,奇幻",100,83,日语,吉原达矢,濑古浩司,活出你的人生本色……并让它精彩纷呈。,故事延续TV动画的最终章，讲述男主角电次在偶然邂逅的神秘少女蕾塞的庇护下，在快节奏的战斗中，奔向难以预测的命运。  电次，一个少年，与“电锯恶魔”签订契约，化身“电锯人”，成为隶属于公安部魔物对策特别课四课的魔物猎人，与魔物战斗。正兴奋地等待着与心仪的女性、公安部上司玛奇玛约会，却遭遇突如其来的暴雨，不得不在雨中避雨。在避雨的过程中，他邂逅了名为蕾塞的少女。在附近咖啡馆工作的蕾塞对电次露出了和善的笑容，两人迅速成为了好朋友。这次邂逅标志着电次的日常生活发生了重大改变。
美国X档案,1998,1998-10-30,剧情,119,83,英语,托尼·凯耶,大卫·麦肯纳,Some legacies must end.,德瑞克 的父亲在他很小的时候就被一名黑人毒贩射杀，从此给他幼小的心灵埋下了仇恨的种子。原来德瑞克功课很好，是老师眼中的好学生。但自从父亲遇难后，他就将一切心机都放在了对付有色人种上面。他积极组织起一帮白人青年混混，到处和有色人种对着干。一次，他射杀了两名黑人，因此入狱。入狱后，德瑞克加入了一伙新纳粹的白人。后来，因工作关系他和一名黑人成了好友，他开始反思自己的过去。当他意欲脱离狱中新纳粹组织时，遭到了拳打脚踢。德瑞克出狱后，决心和以前自己组织的帮会脱离关系，带着弟弟远走他乡开始新的生活。
带来灵魂：防弹少年团演唱会电影,2019,2019-08-07,"音乐,纪录",103,83,朝鲜语,Park Jun-soo,,"Forever, we are young.",据媒体报道防弹少年团 第三部演唱会电影《Bring the Soul：The Movie》确定将于8月7日全球同步上映并公开了海报。据悉，该电影记录了防弹少年团从首尔开始经过众多的城市，结束漫长的欧洲巡演后在围坐在巴黎一个小小的屋顶举行属于他们自己的庆祝宴的模样。另外，《Bring the Soul：The Movie》将展现防弹少年团7名成员各样的魅力，他们率真坦诚的面貌将带给观众心动和感动，该片将于8月7日上映。
幽灵公主,1997,2025-05-01,"冒险,奇幻,动画",134,83,日语,宫崎骏,,The fate of the world rests on the courage of one warrior.,室町时代时期的虾夷族少年阿席达卡，某日遇到被称为“邪魔神”攻击他所居住村落的怪物。在阿席达卡为了保护村落与邪魔神对战时，过程当中遭受邪魔神的攻击而留下创伤与诅咒。击败了邪魔神之后，阿席达卡发现对方是由一头愤怒的山猪神所变化而成，并在祂的体内发现一颗铁弹。之后村里的女巫便劝他以铁弹为线索，来离开村落前往西方，查找邪魔神产生的来源和解除诅咒方法。  于阿席达卡的旅途中，他拯救了两名来自于炼铁据地“达达拉城”的住民。在协助对方返回到达达拉城之后，阿席达卡得知邪魔神身上的铁弹，便是遭到由达达拉城所打造的火枪所伤，其中达达拉城的统治者黑帽大人因为炼铁缘故从森林中砍伐许多木头资源，便与森林中的神祇交恶发生冲突。起初阿席达卡对于黑帽大人夺取资源、伤害森林神祇的行为感到愤怒，但之后目睹到众多穷人以及被社会隔离的痳疯患者在达达拉城有着生存机会而动摇。  后续他知晓森林里住着一位由犬神所养大，憎恨黑帽大人一心想取下对方性命，有着“幽灵公主”名号的人类少女小桑。在阿席达卡来到达达拉城的当日夜晚里，小桑突然现身于达达拉城内想找寻机会突击黑帽大人。当她们俩人展开打斗时，阿席达卡试图想调停双方之间的斗争，但在阻止的过程中阿席达卡意外遭旁人用石火枪给误射打伤。而小桑之后则将阿席达卡带回自己居住的森林里疗养。  在伤口撤销后，阿席达卡得知小桑打算与其祂山猪神同盟向人类一决死战，并发现到黑帽大人要与朝廷一方势力联手，来夺取名为“山兽神”的森林神祇之首级，以获得对方长生不死能力的事情。之后阿席达卡便试着想在混乱的局势中，找寻可解决冲突的方式。
回到未来,1985,1985-07-03,"冒险,喜剧,科幻",116,83,英语,罗伯特·泽米吉斯,Bob Gale,他是唯一一个到出生前惹麻烦的孩子。,马蒂·麦克弗莱，一位典型的八十年代美国青少年，意外被一台由钚动力驱动的德罗宁“时间机器”送回到1955年——这台机器由一位略带疯狂的科学家发明。在这段时常癫狂、总是惊人的穿越之旅中，马蒂必须确保他那正值青春期的未来父母相遇并坠入爱河，他才能顺利返回未来。[官方简介]
别假正经,1984,2024-06-16,"纪录,音乐",88,83,英语,乔纳森·戴米,,Why stop making sense? Why a movie? Why a big suit? Where do the odd movements come from? What will the band do next?,一部关于摇滚乐队传声头的演唱会纪实电影。
荒野机器人,2024,2024-09-20,"动画,科幻,家庭,冒险,剧情",102,83,英语,克里斯·桑德斯,彼得·布朗,发现你的本性,梦工厂动画全新改编文学畅销作品——彼得·布朗荣获大奖、备受喜爱的《纽约时报》榜首畅销书《荒野机器人》。这段史诗冒险讲述机器人“ROZZUM单元7134”（简称“罗兹”）的旅程：她因船只失事流落荒岛，必须学会适应严酷环境，逐渐与岛上动物建立联系，并成为一只孤儿小鹅的养母。[梦工厂影业]
生之欲,1952,1952-10-09,剧情,143,83,日语,黑泽明,小国英雄,A big story of a little man which will grip your soul...,黑泽明导演生涯的至高成就之一，本片以极致的悲悯凝视死亡，完成对生命的礼赞。志村乔动人诠释胃癌晚期的老公务员渡边勘治，在生命终点踏上追寻意义的旅程。影片以突破性的双段式结构展开，镜头语言浸润着洞察人性本真的人文主义光辉，从多重维度叩问生存的真谛。[标准收藏]
同级生,2016,2016-02-20,"爱情,动画",61,83,日语,中村章子,中村明日美子,"Sincerely, Slowly, Falling in Love.",夏天时节，东府第一高校要举行合唱祭。在课后合唱训练中，高中二年级A班草壁光（神谷浩史 配音）发现同班的尖子生佐条利人（野岛健儿 配音）并没有开口唱歌。草壁原以为这样的优等生不屑于合唱活动，却在当天放学后发现佐条独自留在教室练习。鬼使神差地，擅长音律的草壁主动提出要帮助佐条练习唱歌。经过多日的相处，草壁渐渐被认真的佐条吸引，却一直苦恼于对方是为了他人才如此努力学习唱歌。到了合唱祭这一天，草壁忽然控制不住情绪，在正式演出中途跑了出去，佐条见状紧张地追上。在空荡荡的校园里，二人终于向对方确定了心意。夏天要结束了，而他们青春的诗篇才刚刚开始。
罗小黑战记,2019,2019-08-27,"动画,奇幻,动作",102,83,汉语,MTJJ,彭可欣,有你的地方 就是家,在熙攘的人类世界里，很多妖精隐匿其中，他们与人类相安无事地生活着。猫妖罗小黑因为家园被破坏，开始了它的流浪之旅。这场旅途中惺惺相惜的妖精同类与和谐包容的人类伙伴相继出现，让小黑陷入了两难抉择，究竟何处才是真正的归属？
未麻的部屋,1998,2024-04-18,"动画,惊悚",82,83,日语,今敏,竹内义和,"""excuse me... who are you?""",当红三人少女偶像团体Charming Bird面临解散，核心成员雾越未麻在事务所的安排下不得不退出团体，转型成为一名电视剧演员。万事开头难，对于偶像歌手转型而来的未麻尤其如此，她在工作中承受着压力，闷闷不乐。与此同时，各种恐吓信不断、经纪人田所先生遇袭以及以自己的口吻在网站上写日记的神秘人都让未麻焦虑不已，恍惚间她甚至看到另一个自己。未麻的苦恼无人知晓，贪婪的田所甚至同意剧组的剧本，要求未麻出演一场尺度极大的强暴戏。这次演出成为未麻演艺事业的转折点，她的出镜率开始攀升，甚至还拍摄了裸露的写真。与此相对，电视剧编剧涩谷和曾给未麻拍下裸照摄影师村野接连遇害。未麻的生活变得混乱不堪，真相究竟如何？本片荣获1997年亚洲奇幻电影节最佳亚洲影片。
死亡诗社,1989,1989-06-02,剧情,128,83,英语,彼得·威尔,托马斯·舒尔曼,He was their inspiration. He made their lives extraordinary.,威尔顿预备学院以其沉稳凝重的教学风格和较高的升学率闻名，作为其毕业班的学生，理想就是升入名校。新学期文学老师约翰·基汀（罗宾·威廉姆斯 饰）的到来如同一阵春风，一反传统名校的严肃刻板...
五等分的新娘 剧场版,2022,2022-05-20,"动画,喜剧,爱情",136,83,日语,神保昌登,大知庆一郎,简介,为了让「濒临留级」又「讨厌学习」的美少女五姐妹通过学校考试毕业，主角风太郎以兼职家庭教师的身份来到中野家指导她们的课业，也因此渐渐与五胞胎们培养出感情。怀抱着各种想法的各人也迎来高中生活最后的活动「学园祭」。「学园祭第一天15时请到教室来。」聚集在教室里的五胞胎们，风太郎想告诉她们的是……
紫罗兰永恒花园 剧场版,2020,2021-12-25,"动画,剧情,奇幻,爱情",140,83,日语,石立太一,晓佳奈,致我最心爱的人，这是我最后的书信。,——「爱」究竟是什么？  曾经将「爱」告诉自己、 给予自己的，重要的人。  即使想见，却再也见不到。 永远。 放开了手的、最最重要的那个人。  从事代笔业的她，名字是「薇尔莉特·伊芙加登」。自幼身为士兵参战，没能获得培育心灵机会的她，无法理解自己重要的上司「吉尔伯特·布干维利亚」所留下的话语。——我从心底，爱着你。  让人们背负深深伤痕的战争结束之后，经过数年。生活随着新技术的开发而改变，人们开始面向前方前进。但，薇尔莉特坚信着吉尔伯特还在某处活着，每一天只是思念着他。——亲爱的吉尔伯特少校。今天我又再一次回忆起了少校的事情。薇尔莉特强烈的愿望，溶解在静谧的夜当中。  在吉尔伯特母亲的月忌日，薇尔莉特像是要代替他一般地献上鲜花。某天，她与吉尔伯特的哥哥·迪特福利特海军上校不期而遇。迪特福利特告诉她是时候该忘记吉尔伯特了，但薇尔莉特立刻做出了答复。「我无法忘记」。  就在此时，薇尔莉特接到了一通委托电话。委托人是名叫尤里斯的少年。另一方面，在邮政公司的仓库里，发现了一封收信人不明的信……。
这个杀手不太冷,1994,2024-11-01,"犯罪,剧情,动作",133,83,法语,吕克·贝松,,想把事情办的漂亮，就得请专业的,里昂是名孤独的职业杀手，受人雇佣。一天，邻居家小姑娘马蒂尔达敲开他的房门，要求在他那里暂避杀身之祸。原来邻居家的主人是警方缉毒组的眼线，只因贪污了一小包毒品而遭恶警杀害全家的惩罚。马蒂尔达得到里昂的留救，幸免于难，并留在里昂那里。里昂教小女孩使枪，她教里昂法文，两人关系日趋亲密，相处融洽。女孩想着去报仇，反倒被抓，里昂及时赶到，将女孩救回。混杂着哀怨情仇的正邪之战渐次升级，更大的冲突在所难免……
我们如此相爱,1974,1974-12-21,"剧情,喜剧",124,83,意大利语,Ettore Scola,艾根诺尔·因克鲁西,A many splendored thing.,安东尼奥（尼诺·曼弗莱迪 Nino Manfredi 饰）、贾尼（维托里奥·加斯曼 Vittorio Gassman 饰）和尼古拉（Stefano Satta Flores 饰）是战争时代的生死之交。战争结束后，他们回归了家乡，开始了各自迥异的生活。安东尼奥结识了美丽女孩露西安娜（斯蒂芬尼娅·桑德雷莉 Stefania Sandrelli 饰），坠入了情网，可露西安娜喜欢的却偏偏是贾尼。可最终，贾尼选择同侯爵女儿结婚，露西安娜陷入了痛苦之中，此时，安东尼奥再度出现在了露西安娜的身边，陪伴守护着她。露西安娜一直希望能够成为一名演员，为了实现理想，她甚至不惜向负责挑选演员的负责人献出了肉体。几经波折，安东尼奥和露西安娜总算坦诚相对，互诉衷肠，一对璧人终于走到了一起。
音魂掠影,2022,2022-02-17,"纪录,音乐,历史",156,83,意大利语,朱塞佩·托纳多雷,,简介,由著名导演#朱塞佩·托纳多雷#编剧并执导，吉亚尼·罗素、王家卫等人任监制，聚焦意大利音乐大师埃尼奥·莫里康内的传记电影#50年一瞬间的魔幻时刻#正在进行后期制作，计划2020年公映。
献给我的前妻,2019,2019-11-08,"剧情,喜剧",94,83,西班牙语,Jorge Ulloa,Julio Pañi,简介,这部电影讲述了21岁的阿里尔的故事：为筹钱挽回濒临破裂的恋情、与前女友重逢，他决定组建一支摇滚乐队，参加奖金高达一万美元的乐队大赛，这已是他最后的办法——此前，女友因要前往芬兰实习，两人的感情走到了尽头。阿里尔和好友奥尔特加一起举办海选招募乐队其他成员，尽管两人对音乐一窍不通，最终还是组建起一支成员性格迥异、喜好截然不同的乐队。
大独裁者,1940,2021-09-19,"喜剧,战争",125,83,英语,查理·卓别林,,Once again - the whole world laughs!,在其备受争议的杰作中，查理·卓别林既尖刻地讽刺了阿道夫·希特勒，又巧妙地颠覆了自身的喜剧形象。在其首部纯有声片中，卓别林以精湛的肢体表现力分饰两角：残酷而滑稽的“托曼尼亚”独裁者，以及被错认成他的善良犹太理发师。凭借杰克·奥克与宝莲·高黛的精彩配角演绎，这部在美国正式加入二战前便大胆直指法西斯领导人的作品，将政治讽喻与肢体喜剧熔铸成登峰造极的艺术表达，最终在卓别林那段传世的激扬演说中达到高潮。[标准收藏公司]
摩登时代,1936,1936-09-17,"喜剧,剧情,爱情",87,83,英语,查理·卓别林,,"He stands alone as the greatest entertainer of modern times! No one on earth can make you laugh as heartily or touch your heart as deeply...the whole world laughs, cries and thrills to his priceless genius!",二十年代的美国处于经济萧条时期，失业率居高不下，工人受尽压榨，成为了大机器生产中的一颗螺丝钉。查理就是一个底层市民，他在一个机器隆隆的厂房里日以继夜地工作，以赚取微薄的收入。重复繁重的工作压得他喘不过气，他把人们的鼻子当成螺丝钉来拧，卷入流水线机器的皮带里，令人苦笑不得。
日落大道,1950,1950-08-10,剧情,110,83,英语,比利·怀尔德,Charles Brackett,A Hollywood Story.,好莱坞的声名终会消散——只需问问诺玛·戴斯蒙德。她曾是影坛传奇，如今已成被人遗忘的旧时代残影。当穷困潦倒的编剧乔·吉利斯误入她那衰败的宅邸，便陷入了她偏执与妄想的罗网。起初看似机遇的邂逅，很快演变为一场危机四伏的困局。这部作品被广泛认为是好莱坞黄金时代最伟大的影片之一，它以阴郁、扭曲又萦绕人心的视角，凝视着好莱坞的轮回——那里青春是流通货币，才华转瞬即逝，而聚光灯终会黯淡。[派拉蒙影业]
西部往事,1968,2018-04-16,"剧情,西部",166,83,意大利语,赛尔乔·莱昂内,塞尔吉奥·多纳蒂,There were three men in her life. One to take her… one to love her —and one to kill her.,塞尔吉奥·莱昂内的这部不朽史诗，其恢弘堪比取景地纪念碑谷，其气度媲美星光熠熠的杰出演员阵容，其粗粝不羁正如每个孩子想象中的狂野西部。影片围绕一名神秘的口琴客、一位寻找杀父仇人的寡妇、一个亡命之徒以及一名铁路大亨之间错综复杂的关系展开，以恩尼奥·莫里康内传奇般的配乐为灵魂，塑造了影史中最令人难忘的西部片开场与结局。这是一首对正在消逝的旧西部的挽歌，也是一部永远重塑了该类型的杰作。[派拉蒙影业]
生活多美好,1946,1946-12-20,"剧情,家庭,奇幻",131,83,英语,弗兰克·卡普拉,Frances Goodrich,It's a wonderful laugh! It's a wonderful love!,一位天使被派往人间，帮助一位万念俱灰的商人，向他展现假如他从未存在过，生活将会是怎样的光景。
从前有个工作室,2023,2023-11-24,"动画,家庭,奇幻,喜剧",9,83,英语,Trent Correy,Dan Abraham,100 years of Disney magic comes together.,短片为迪士尼成立满100周年的纪念作品，导演崔伦特·柯瑞和丹·亚伯拉罕花了大约八个月时间构思，他们称该短片是写给华特迪士尼动画工作室的“情书”，也是“对过去一百年来与电影产生联系的观众表达感谢”。该短片登场的角色多达400多个，其中包括《石中剑》的梅林、《公主与青蛙》的蒂安娜、《冰雪奇缘系列》的艾莎、《星际宝贝系列》的史迪奇以及《四眼天鸡》的鸡丁，并由40多名配音员声演。
牯岭街少年杀人事件,1991,1991-07-27,"犯罪,剧情,爱情",237,83,汉语,杨德昌,鸿鸿,简介,这部由杨德昌执导的台湾电影杰作，被誉为当代影坛最受推崇与渴求的作品之一。影片以六十年代初的台湾为背景，改编自一起震动全岛的真实案件。这部兼具宏大格局与私密情感的巨作，以小说般的笔触与沉静的凝视，聚焦一位少年（张震的银幕首秀）从纯真逐渐无可挽回地滑向犯罪深渊的过程，并交织着躁动青春、摇滚乐与政治动荡的压抑时代底色。[标准收藏公司]
触不可及,2011,2011-11-02,"剧情,喜剧",112,83,法语,埃里克·托莱达诺,奥利维埃·纳卡什,Sometimes you have to reach into someone else's world to find out what's missing in your own.,因为一次跳伞事故，白人富翁菲利普Philippe（弗朗索瓦·克鲁塞 François Cluzet 饰）瘫痪在床，欲招聘一名全职陪护。由于薪酬高，应聘者云集，个个舌灿莲花，却无法打动他的心。直到黑人德希斯Driss（奥玛·赛 Omar Sy 饰）的出现才让他作出决定。德希斯刚从监狱出来，背负家庭重担，一心只想寻张辞退信以申领救济金，而且他明显对女助理的兴趣要远大于这份工作。但是菲利普还是一眼相中了这个小伙子。于是，德希斯开始了一个月的试用期。虽然舒适的豪宅环境让他倍感虚荣，但是他仍面临很多挑战：不仅要为菲利普作身体复健，还得给他洗浴、灌肠、拆信、穿丝袜等。起初，两人的思维方式与价值观大相径庭，但是，随着了解的不断深入，他们成为了朋友。本片取材于真实事件，获2011年东京电影节最佳影片金麒麟奖，弗朗索瓦·克鲁塞与奥玛·赛分享影帝桂冠。
现代启示录,1979,1979-05-19,"剧情,战争",202,83,英语,弗朗西斯·科波拉,约翰·米利厄斯,这就是终点...,越战期间，威拉德上尉受命执行一项危险任务，深入柬埔寨刺杀一位脱离建制的叛变上校——此人已在当地部落自封神明。
乔西的虎与鱼,2020,2021-06-11,"动画,剧情,爱情",98,83,日语,田村耕太郎,桑村沙耶香,Together they can fly.,专攻海洋生物学的恒夫，为了实现自己能够亲眼看一下只生活在墨西哥的梦幻鱼群的梦想，日夜不停地在进行着兼职打工。一天恒夫偶然遇见一个女孩坐在轮椅上，失控从斜坡上冲下来。得到了大学生恒夫救了这个女孩。这个女孩叫乔西，自幼便一直坐在轮椅上，她的祖母千津一直照顾乔西，和她相依为命。祖母千津向恒夫介绍了一份兼职工作。这份工作的内容就是听从乔西的要求，并想办法满足她。乔西活在自我世界里，可以遨游在自己感兴趣的绘画和书籍的海洋中。然而，她不善与他人交流且十分固执。乔希对恒夫非常刻薄，而恒夫也没有在意乔西是个残疾人，直率地回应她……
新世纪福音战士剧场版：Air / 真心为你,1997,1997-07-19,"动画,科幻,剧情,奇幻",87,83,日语,庵野秀明,鹤卷和哉,The fate of destruction is also the joy of rebirth.,《新世纪福音战士》系列第二部剧场版，于 1997 年 7 月 19 日在日本上映。全名：《新世纪福音战士剧场版：THE END OF EVANGELION》（日语：新世紀エヴァンゲリオン 劇場版 THE END OF EVANGELION - Air/まごころを、君に，英语：NEON GENESIS EVANGELION: THE END OF EVANGELION - AIR/SINCERELY YOURS）。剧情承接 TV 动画版第 24 集，包括了重新制作的第 25 、第 26 话。在这部剧场版中第 25 话的名字是 “AIR”（天空），而副标题是 “LOEV IS DESTRUCTIVE”（爱是一种伤害）；第 26 话的名字是 “YOUR SINCERELY”（真心为你），副标题是“ONE MORE FINAL: I NEED YOU”（再说最后一遍：我需要你）。剧场版的每一话都和电视版一样有一个 “EYE - CATCH” 镜头（即每集中间那个黑底白字的英文标题）。这部剧场版标志着整个旧世纪《新世纪福音战士》的终结。影片分成 “Air” 与 “真心为你” 两个部分。神秘的 EVA 零号机驾驶员绫波丽，在与碇元渡约定之时，来到了 NERV 底层中央教条的红色水池边。她的命运似乎就将在此结束。在危急时刻，葛城美里不但要完成加持良治交待的对“第二次浩劫”真相以及“人类补完计划”的探查工作，还要保护碇真嗣与明日香，以及防备 SEELE 对初号机与二号机的物理接触。出于对碇元渡的憎恨，赤木律子接受了 SEELE 引爆 MAGI 的提案，她能否成功 ？长期与 SEELE 共事的碇元度、冬月耕造、碇唯，为了防止人类“最终的悲剧”，而酝酿了的“人类补完计划”能否实现 ？尽在《新世纪福音战士》电影版第 2 部中解答。
边境奇袭,2025,2025-02-28,"动作,冒险,惊悚",85,83,西班牙语,Chava Cartas,José Rubén Escalante Méndez,简介,一场人质营救行动带来了新的敌人，格雷罗上尉和他的精英士兵们必须应对残忍犯罪团伙的埋伏。
洞,1960,1960-03-18,"剧情,惊悚,犯罪",132,83,法语,Jacques Becker,José Giovanni,Poor Gaspard...,在巴黎的一间牢房里，五名囚犯用尽全部的坚韧与智慧，试图通过精心挖掘的隧道重获自由。根据若泽·乔瓦尼的小说改编，雅克·贝克的这部影片在诗意的人文关怀与紧绷得令人窒息的危险氛围间取得了精妙的平衡。[标准收藏]
光荣之路,1957,1957-12-20,"战争,剧情",87,83,英语,斯坦利·库布里克,汉弗莱·科布,一将功成万骨枯,斯坦利·库布里克执导，堪称影史最具震撼力的反战电影之一。柯克·道格拉斯以炽烈演技诠释第一次世界大战期间一位法国上校的形象——当他的士兵因未能完成不可能的任务而被控怯战时，他毅然与军队高层的冷酷权威展开正面对抗。这部以精湛摄影呈现的沉郁之作，精准剖解了军事机器的荒谬本质与非人性化机制（这一主题将持续贯穿库布里克的创作生涯）。从压抑的战壕对峙到扣人心弦的法庭高潮，直至摧人心魄的结局场景，全片以这位传奇导演标志性的精准掌控力层层推进，铸就了这部不朽杰作。[标准收藏公司]
城市之光,1931,1931-03-07,"喜剧,剧情,爱情",87,83,英语,查理·卓别林,哈里·卡尔,True Blind Love,这部查理·卓别林最受珍爱的作品，亦是其流浪汉形象的终极篇章。在这部无声影片中，身兼编剧、导演与主演的卓别林达到了悲喜交融的新境界：可爱的流浪汉爱上街头卖花的失明少女（弗吉尼亚·切瑞尔诠释出魔幻般的纯真），却被女孩误认为百万富翁。尽管这部大萧条时期的轰动之作诞生于有声时代来临之后，卓别林仍毅然坚守对默片艺术表现力的热爱。最终成就了他个人艺术的巅峰，亦加冕为默片喜剧的不朽丰碑。[标准收藏]
青春猪头少年不会梦到怀梦美少女,2019,2019-06-15,"动画,爱情,剧情,奇幻",90,83,日语,增井壮一,鸭志田一,时间与记忆、我都一起带到未来,居住在天空与海洋辉映的城镇“藤泽”的梓川咲太，就读高中二年级。
GIVEN 被赠与的未来 剧场版,2020,2020-08-22,"动画,剧情,音乐,爱情",59,83,日语,山口光,绫奈由仁子,想要在你身边继续歌唱,高中生上山立夏热爱演奏吉他，与春树和秋彦合组一个小乐队。某个午休，他意外帮佐藤真冬修好吉他弦后，被真冬拜托教吉他，而后又在听到真冬的歌声后邀请他加入乐队。立夏在相处的过程中渐渐喜欢上真冬，真冬有一个彼此互相喜欢并支持的青梅竹马，但那个人却自杀了，因那个人喜欢吉他，真冬才一直很想学。那个人没有做到的事，没有坚持的陪伴，立夏都帮他实现了，真冬也开始慢慢喜欢上立夏。另外一对CP春树和秋彦，春树一直默默喜欢着秋彦，为他留着长发，但秋彦却与极具音乐才华的小提琴家雨月同居在一起。动画影集以高中生的真冬与立夏两人间悲伤恬淡的爱情为主轴，首部剧场版则为大人组三人的春树、秋彦、雨月，炽热的三角恋拉开序幕。
七号房的礼物,2019,2020-10-15,剧情,132,83,土耳其语,Mehmet Ada Öztekin,Kubilay Tat,简介,梅莫（阿拉斯·布鲁特·伊涅姆利 Aras Bulut Iynemli 饰）虽然生得人高马大，但却只有相当于6岁孩童一般的智慧，他带着女儿奥瓦（妮莎·索菲亚·阿克松古尔 Nisa Sofiya Aksongur 饰），同奶奶法蒂玛（塞利尔·托扬·乌伊萨尔 Celile Toyon Uysal 饰）生活在一起，日子虽然过得紧巴巴的，但一家人能够团聚就是最大的快乐。  哪知道某日祸从天降，连一只蚂蚁都不愿意踩死的梅莫，竟然背负上了莫须有的杀人罪名，被关进了七号牢房中，单纯的梅莫并不知道自己即将面临怎样悲惨的命运。在监狱里，梅莫很快就和他的狱友们成为了朋友，梅莫开朗乐观的性格感染了周围的每一个人，给他们带来了快乐和希望，为了回报梅莫，这些曾经“穷凶极恶”的罪人们决定用他们的性命为筹码，来实现梅莫一个希冀已久的愿望。
狮子王,1994,1995-07-15,"家庭,动画,剧情,冒险",89,83,英语,罗布·明科夫,罗杰·艾勒斯,The greatest adventure of all is finding our place in the Circle of Life.,辛巴是荣耀王国的小王子，他的父亲穆法沙是一个威严的国王。然而叔叔刀疤却对穆法沙的王位觊觎已久。要想坐上王位，刀疤必须除去小王子。于是刀疤利用种种借口让辛巴外出，然后伺机大开杀戒，无奈辛巴被穆法沙及时来救。在反复的算计下，穆法沙惨死在刀疤手下。刀疤一方面别有用心地劝辛巴离开，一方面派人将他赶尽杀绝。辛巴逃亡中遇到了机智的丁满和善良的彭彭，他们抚养辛巴长成雄壮的大狮子，鼓励他回去森林复国。在接下来一场复国救民的斗争中，辛巴真正长成一个坚强的男子汉，领会了责任的真谛。
萤火之森,2011,2011-09-17,"爱情,动画,奇幻",44,83,日语,大森贵弘,,我已经等不到夏天了,某年夏天，6岁小女孩竹川萤来到爷爷家度假，她闯进了传说住满妖怪的山神森林。正当她因为迷路而焦急万分的时候，一个戴着狐狸面具的大男孩出现在她面前，并引领着萤找到回家的路。虽然萤分外感激，可是男孩却禁止她碰触自己的身体，原来这名叫银的男孩并非人类，他一旦被人类碰触就会烟消云散。在此后的日子里，萤和银成为好朋友，他们走遍了森林的每一个角落玩耍。日复一日，年复一年，每到夏天的时候萤就会如约来到森林和好朋友见面。她遵守着和银的约定，无论如何也不碰触银的身体。随着年龄的增长，萤和银对彼此的情感都悄悄发生了变化，他们共同期待相聚的日子，共同期待拥抱对方。本片根据绿川幸的原作改编。
从天而降,2019,2019-12-24,"喜剧,剧情,音乐",112,83,西班牙语,Pepe Bojórquez,Alfredo Felix-Diaz,简介,墨西哥传奇人物佩德罗·因凡特（Pedro Infante）在地球上又获得了一次机会，可以为自己与女性的交往赎罪，并在一个模仿者的身体里赢得天堂.
夜与雾,1956,1956-01-29,"纪录,历史",32,82,法语,阿伦·雷乃,让·凯罗尔,简介,1956年导演阿伦•雷乃用摄影机带领观众重回奥斯维辛。当年纳粹集中营的旧址上已是一片祥和美丽的野外风光。然而时间倒回到1933年纳粹党掌权之时，整个城市被阴霾笼罩——大片修建起来的集中营房排列整齐，大量犹太人被抓进集中营开始接受非人的折磨和侮辱。这里对人种进行分级，在皮肤上纹上编号，在衣服上缝制等级的徽章。疾病，饥饿，劳役使集中营尸体遍地。1942年希莱姆到访，奉行“破坏”政策，集中营难民进入更加悲惨的境遇，被药品公司买下用作实验。1945年，集中营人数倍增后已不堪负荷，成堆的尸体被推土机推入大坑掩埋...... ©豆瓣
海上钢琴师,1998,2019-11-09,"剧情,音乐",170,82,意大利语,朱塞佩·托纳多雷,亚历山德罗·巴里科,An epic story of a man who could do anything... except be ordinary,男主角1900（人名）是一个被人遗弃在蒸气船上的孤儿，被船上一位好心的烧炉工收养，然而好人不得好报，烧炉工在一次意外中死亡，只有8岁大的1900又再度成为了孤儿。过人的天赋使他无师自通成了一名钢琴大师，但宿命也令他天然地对红尘俗世深怀戒意，他从不敢离船上岸去，只因纽约无际的高楼和川流不息的人群令他迷失自我。纵使后来遇上了一位一见钟情的少女，他思量再三后，还是放弃了上岸寻找初恋情人的冲动...
比莉·艾利什：模糊世界,2021,2021-02-26,"纪录,音乐",140,82,英语,R. J. Cutler,,简介,熟悉的歌声响起，从小到大的她的影像出现，聚焦这个尚未满19岁的年轻歌手的崛起、她那些改变了自己和许多人人生的音乐、她台前幕后的生活。
云上情歌,2020,2020-10-09,"音乐,剧情,爱情",121,82,英语,卡拉·霍尔顿,贾斯汀·贝尔杜尼,Don't wait for tomorrow to live for today.,美国男孩扎克·索比赫14岁被诊断患有骨肉瘤(18岁去世)，多次手术和化疗并未遏制癌症发展，在得知自己只剩几个月寿命后，他创作了《云》这首歌，感谢自己身边的人和所经历的一切，乐观面对。
一年中的生活,2020,2020-11-27,"剧情,爱情",107,82,英语,Mitja Okorn,杰弗里·阿迪斯,简介,泰伦斯·霍华德(《嘻哈帝国》)确认加盟加盟新片[一年中的生活](Life In A Year，暂译)。该片将由Mitja Okorn执导，讲述一个17岁的男孩，在发现患有癌症的女朋友只剩下一年的生命后，决定在她还没离去的这一年给她一个完整的人生。贾登·史密斯、卡拉·迪瓦伊加盟主演，泰伦斯饰贾登的父亲。
单向乐队：这就是我们,2013,2013-08-30,"纪录,音乐",92,82,英语,Morgan Spurlock,,Experience their lives on the road,继贾斯汀-比伯、凯蒂-佩瑞之后，英国当红偶像团体“单向乐队”(One Direction)也将拥有自己的3D音乐会纪录片，索尼公司今天宣布这部名为《单向乐队》(One Direction)的3D纪录电影将于2013年8月30日上映，索尼旗下三星影业(TriStar Pictures)将负责发行。
黑客帝国,1999,2000-01-14,"动作,科幻",136,82,英语,莉莉·沃卓斯基,拉娜·沃卓斯基,欢迎来到现实世界,不久的将来，网络黑客尼奥对这个看似正常的现实世界产生了怀疑。他结识了黑客崔妮蒂，并见到了黑客组织的首领墨菲斯。墨菲斯告诉他，现实世界其实是由一个名叫“母体”的计算机人工智能系统控制，人们就像他们饲养的动物，没有自由和思想，而尼奥就是能够拯救人类的救世主。可是，救赎之路从来都不会一帆风顺，到底哪里才是真实的世界？如何才能打败那些超人一样的特勤？尼奥是不是人类的希望？这是黑客的帝国，程序和代码欢迎大家的到来。
老男孩,2003,2003-11-21,"剧情,惊悚,悬疑,动作",120,82,朝鲜语,朴赞郁,黄肇允,15年监禁……5天复仇,女儿生日那天，中年男子吴大修（崔岷植饰）在醉酒回家路上，突遭不明身份的人绑架失踪。就此，他毫无理由地被囚禁在一个神秘的私人监狱中。寻死未果的吴大修，每天看电视，三餐吃煎饺。通过电视，他得知妻子已遭杀害，女儿下落不明，自己更被怀疑为凶手。就此，吴大修开始锻炼身体，决心复仇，并在牢中度过漫长的15年...
复仇者联盟4：终局之战,2019,2019-04-24,"冒险,科幻,动作",181,82,英语,史蒂夫·恩格尔哈特,杰克·柯比,逆转无限 不惜一切代价,几近绝望的复仇者们在惊奇队长的帮助下找到灭霸归隐之处，却得知六颗无限宝石均被销毁，希望彻底破灭。五年后，迷失在量子领域的蚁人意外回到现实世界，他的出现为幸存的复仇者们点燃了希望。与美国队长冰释前嫌的托尼找到了穿越时空的方法，星散各地的超级英雄再度集结，他们将分别穿越不同的时代去搜集无限宝石。与此同此，平行宇宙的灭霸察觉了他们的计划。这是一场注定要载入史册的终局之战，超级英雄们为了心中恪守的信念前仆后继……
复仇者联盟3：无限战争,2018,2018-05-11,"冒险,动作,科幻",156,82,英语,史蒂夫·恩格尔哈特,杰克·柯比,十年布局 巅峰一役,随着复仇者联盟及其盟友继续保护世界免受来自任何单一英雄难以承担的威胁，一个新的危险从宇宙的阴影中浮现——灭霸。作为一个星际恶名昭彰的暴君，他的目标是收集所有六颗无限宝石，这些宝石拥有难以想象的力量，并利用它们将扭曲的意志强加于现实的每一个角落。复仇者们为此奋斗的一切都指向了这一刻——地球和整个存在的命运从未如此不确定。
防弹少年团世界巡回演唱会：在首尔爱自己,2019,2019-01-26,"音乐,纪录",113,82,朝鲜语,Son Sung-deuk,,简介,"在 BTS 世界巡回演唱会 ""Love Yourself ""期间于首尔奥林匹克体育场拍摄，以庆祝这个全球男孩组合的七名成员及其前所未有的国际现象。"
我想吃掉你的胰脏,2018,2019-01-18,"动画,剧情,爱情",109,82,日语,牛岛新一郎,住野夜,我想进入你的世界，活在你的心里 。,“没有名字的我，没有未来的她” 对他人毫无兴趣，总是独自一人读书的高中生“我”。这样的“我”有一天，偶然捡到一册写着《共病文库》的文库本。那是，天真烂漫的班上人气王·山内樱良私下记录的日记本。里面记载着她身患胰脏的疾病，已经时日无多……。隐藏自己的疾病度过日常的樱良，与知晓其秘密的“我”。— 两人的距离，还没有名字。
为了萨玛,2019,2019-07-26,"纪录,战争",96,82,英语,Edward Watts,Waad al-Kateab,An intimate and epic journey into the female experience of war.,本片既是一段深入战争女性体验的私密旅程，也是一曲波澜壮阔的史诗。这部一位年轻母亲写给女儿的深情家书，以瓦德·卡提卜的镜头穿越叙利亚阿勒颇五年起义时光，记录她在战火蔓延中坠入爱河、缔结婚姻并诞下女儿萨玛的人生轨迹。在灾难性冲突愈演愈烈之际，她的摄像机捕捉到无数关于失去、欢笑与生存的震撼片段，而瓦德本人则深陷两难抉择——是否该为保护女儿生命逃离这座城市？离去意味着抛下她已付出巨大代价的自由抗争。
克劳斯：圣诞节的秘密,2019,2019-11-08,"动画,家庭,冒险,喜剧,奇幻",97,82,英语,塞尔吉奥·巴勃罗斯,Zach Lewis,A true selfless act always sparks another.,贾斯帕（詹森·舒瓦兹曼饰）被认为是邮政学院最差的学生，他驻扎在北极圈内的一个冰冻岛屿上，那里的当地人之间几乎不交流，更不用说写信了。当贾斯帕准备放弃之时，他找到了自己的盟友阿尔娃（当地的一名教师，拉什达·琼斯饰），并发现了克劳斯（奥斯卡奖得主 J·K·西蒙斯饰），克劳斯是一个神秘的木匠，独自住在一个满是手工玩具的小屋里。这几段不可思议的友谊让斯密伦斯堡又重新充满了欢声笑语，创造出了新的故事，这里有慷慨的邻居、神奇的传说和小心翼翼挂在烟囱上的长袜。《克劳斯：圣诞节的秘密》是一部节日喜剧动画片，由《神偷奶爸》联合创剧人塞尔希奥·巴勃罗斯担任导演，由琼·库萨克、威尔·萨索和诺曼·麦克唐纳徳联袂主演。
绿皮书,2018,2019-03-01,"剧情,喜剧,历史",130,82,英语,彼得·法雷利,Nick Vallelonga,世界上那么多孤独的人 因为他们都没有勇气迈出第一步,托尼（维果·莫腾森 Viggo Mortensen 饰）是一个吊儿郎当游手好闲的混混，在一家夜总会做侍者。这间夜总会因故要停业几个月，可托尼所要支付的房租和生活费不会因此取消，所以他的当务之急是去寻找另一份工作来填补这几个月的空缺。在这个节骨眼上，一位名叫唐雪莉（马赫沙拉·阿里 Mahershala Ali 饰）的黑人钢琴家提出雇佣托尼。唐雪莉即将开始为期八个星期的南下巡回演出，可是，那个时候南方对黑人的歧视非常的严重，于是托尼便成为了唐雪莉的司机兼保镖。一路上，两人迥异的性格使得他们之间产生了很多的矛盾，与此同时，唐雪莉在南方所遭受的种种不公平的对待也让托尼对种族歧视感到深恶痛绝。
拯救大兵瑞恩,1998,1998-11-13,"战争,剧情,历史",169,82,英语,史蒂文·斯皮尔伯格,罗伯特·罗达特,任务是拯救一个人,二战诺曼底登陆战中，约翰·米勒上尉率领一支小分队深入战区，奉命寻找二等兵詹姆斯·瑞恩并将其送回美国母亲身边——这位母亲已在这场战争中失去了另外三个儿子。
角斗士,2000,2000-08-12,"动作,剧情,冒险",155,82,英语,大卫·弗兰佐尼,雷德利·斯科特,英雄崛起。,马克西蒙斯是罗马帝国战功显赫，受人拥戴的大将军。老国王马库斯·奥利利乌斯对大将军赏识有加，有意加冕于他。老国王对将军这种超越亲情的宠爱自然招来太子康莫迪乌斯的妒忌与不安，太子伺机杀害父亲，抢先登上王位，并马上下令诛杀大将军一家。马克西蒙斯死里逃生躲过暴君的魔爪，可是他所有的家人都未能幸免于难，返回家园，他只看到满目疮痍的破败景象。走投无路的马克西蒙斯只能投身为奴，从昔日的大将军沦为一名角斗士，在血腥厮杀中苟且求生。凭借英勇的气魄和高超的武艺，马克西蒙斯渐渐脱颖而出，晋级到罗马的大角斗场。这一次，他的剑直指暴君康莫迪乌斯，失去亲人的痛苦，沦为奴隶的屈辱，在马克西蒙斯的内心燃起了熊熊怒火。
摇篮,2024,2024-08-23,"剧情,家庭",123,82,英语,亚历克斯·肯德里克,斯蒂芬·肯德里克,Whoever wants the next generation the most will get them.,高中毕业后，以赛亚对未来没有任何规划，他受到激励，开始做出更好的人生决定。
五尺天涯,2019,2019-10-18,"爱情,剧情",116,82,英语,贾斯汀·贝尔杜尼,米琪·多特里,"When life keeps you apart, fight for every inch.",17岁女孩Stella和男孩Will身患囊肿性纤维化疾病，他们在医院治疗的过程中相识相爱，两人必须抓紧每分每秒活着的时间。他们的爱情能够战胜疾病和死亡吗？
迈克尔·杰克逊：颤栗,1983,1983-11-14,"恐怖,惊悚,音乐",14,82,英语,约翰·兰迪斯,迈克尔·杰克逊,简介,黑人女青年（欧拉·蕾 Ola Ray 饰）跟男友（迈克尔·杰克逊 Michael Jackson 饰）因为汽车没油了走在回家的路上，男友像她示爱，女青年欣然接受，但是男青年向她透露自己跟常人不一样。正当女青年在犯迷糊之时男友已经趁着月光变身成了狼人，关键时刻镜头一转才发现真实的情况是这只是女青年和男友正在看的恐怖片。女青年因为害怕决定要早走，男友追上了她，解释一番过后两个嬉笑着回家。但是真正的危险正在发生，当他们路过一片墓地时，恐怖的食人尸都从地底下爬了出来……
天地玄黄,1992,1993-11-19,纪录,97,82,英语,罗恩·弗里克,马克·马吉德森,A world beyond words.,我们是谁？从哪里来？又将归往何处？这些问题和我们的生存息息相关，但却很少有人能够给出准确的答案。历时14个月，穿越24个国家，导演罗恩·弗里克（Ron Fricke）用镜头向我们展示了大自然能够拥有的最壮阔最绚丽的景致——从远古到现在，从猿猴到人类，从荒无人烟的沙漠到震撼人心的宗教活动现场，从广袤天地带来的感动到婴孩单纯的笑脸给予的幸福，我们会发现，很多时候，我们并不能意识到，这美好的一切正时时刻刻的发生在我们身边。全片没有台词，片名Baraka在古伊斯兰语中代表祝福，这也是导演拍摄此片的初衷，祝福与我们共同存在在这颗蔚蓝地球上的一切。
安逸人生,1962,1962-12-05,"剧情,喜剧,冒险",105,82,意大利语,迪诺·里西,鲁杰罗·马卡里,简介,1962年的夏天，罗伯托和布鲁诺结伴去托斯卡纳地区游玩，这两人的性格年龄都大相径庭。罗伯托是个羞涩内向的学生，而布鲁诺则是个精力旺盛、反复无常的中年人。在旅途中两人慢慢熟悉了解，布鲁诺成功人士和上流社会的派头让罗伯托心生艳羡，但同时他也看到了布鲁诺空虚、肤浅和不快乐的另一面。
狼的孩子雨和雪,2012,2012-07-21,"动画,家庭,剧情,奇幻",117,82,日语,细田守,奥寺佐渡子,Love wildly.,在某国立大学念书的花（宫崎葵 配音）与偶然来校旁听的男子（大泽隆夫 配音）坠入爱河，即使对方是一名狼人，她也义无反顾投入对方怀抱。此后的岁月里，花先后生下女儿小雪和儿子小雨。谁知厄运突然降临，温柔的丈夫撒手人寰。柔弱而坚强的花竭尽全力抚养两个孩子长大，吃穿用度，衣食住行 ，无一不牵扯她的心思。而子女狼人的身份也迫使他们离开繁华大都市，前往宁静的山野乡村求生。他们在一栋古旧的民房内落脚，小雪顽劣张扬，小雨纤细内敛，姐弟俩以狼的身姿穿行于深山密林，享受着前所未有的快乐与自由。在此期间，以韭崎爷爷（菅原文太 配音）为代表的村民也给花一家带来无微不至的关怀。小雪和小雨渐渐长大，他们也终于迎来决定身份和前路的重要时刻……
自己去看,1985,1985-07-09,"剧情,战争",136,82,俄语,Elem Klimov,Ales Adamovich,The cruelest side of war.,这是一部很特殊的战争题材电影，它真实地描写了德占区人民的悲惨遭遇和场面，以及人们面对突如其来的灾难的恐惧，反映了战争的真实面目。它既不同于《斯大林格勒保卫战》、《攻占柏林》这些正面战场的血肉横飞、排山倒海、摧枯拉朽，也不同与《这里的黎明静悄悄》、《星》所描写的局部战斗中体现的平凡悲壮，更不是战地浪漫曲，而是降临在平民百姓头上血淋淋的残酷。影片的事件和恐怖场面远超过任何一部描写德军集中营的电影，令人毛骨悚然，提醒胆小和心软者慎看。
泰勒·斯威夫特：“举世盛名”巡回演唱会,2018,2018-12-31,音乐,125,82,英语,保罗·达格代尔,泰勒·斯威夫特,在名誉的废墟之上，她第一次触摸到了真实的生命。,您已读过头条，听过传闻，而现在她将用红唇唱出真相。泰勒·斯威夫特将赠予全世界观众近距离观赏“泰勒·斯威夫特的名誉体育场巡回演唱会”在美国最后一场表演的机会，该巡回演唱会是美国历史以来销售额最高的巡演，现在仅在 Netflix 上放映！这部传奇的演唱会电影将展示火焰特技、烟花、数个场景以及 63 英尺的眼镜蛇卡林。《泰勒·斯威夫特的名誉体育场巡回演唱会》将从 12 月 31 日起在 Netflix 上面向全球上线，您可以随处观看这场销售一空并追高清囊括 6 万人的表演——无论是在家庭聚会上，东区的酒吧里，还是在沙发上和猫一起看。无论如何，这都将是一个最佳的新年夜计划。你准备好了吗？
BLACKPINK：照亮天空,2020,2020-10-14,"纪录,音乐",79,82,朝鲜语,卡罗琳·萨,,The rise of a global phenomena.,打破纪录的韩国女子团体 BLACKPINK 讲述她们的故事：不仅分享了为实现梦想而努力奋斗的人生旅程，还诉说了迅速走红背后所经受的试炼。
控方证人,1957,2025-11-28,"剧情,悬疑,犯罪",116,82,英语,比利·怀尔德,阿加莎 克里斯蒂,The most electrifying entertainment of our time!,本片改编自阿加莎·克里斯蒂同名小说。  伦敦著名刑案辩护律师韦菲爵士接受了心脏病治疗，但是身体依旧虚弱，第一天回家休养，护士一直严厉监督他服药，并杜绝烟酒。管家为了便于上楼，还专门为他修了电梯。但是，种种关心照顾，对于这位桀骜不驯、牙尖嘴利的大律师根本不起作用，反倒是一纸诉状令他倍感兴奋。律师梅休和当事人沃尔登门拜访，请他出山打官司。原来，沃尔结识了富婆，两人相见甚欢，虽然仆人对他发明的打蛋器充满鄙夷，但是富婆却对他充满爱意，甚至为他修改了遗嘱，把8万英镑留给了他。然而，富婆却惨遭毒手。于是，沃尔成为警方的头号嫌疑犯。他的唯一证人是妻子克里斯汀，然而后者登门时的冷漠与淡定，令韦菲爵士怀疑这其中另有隐情。在扑朔迷离的案件背后，隐藏着一个个环环相扣、不可告人的秘密……
无耻混蛋,2009,2010-10-14,"剧情,惊悚,战争",153,82,英语,昆汀·塔伦蒂诺,,一场可耻的，喧闹刺激的复仇之旅,故事分五章进行。二战中德占法国，德军上校汉斯（克里斯托弗·瓦尔兹 Christoph Waltz 饰）号称“犹太猎人”，在一次屠犹行动中，少女苏珊娜（梅勒尼·劳伦特 Mélanie Laurent 饰）侥幸逃脱。与此同时，八名美国犹太士兵在中尉奥尔多（布拉德·皮特 饰） 的带领下潜入德占法国刺杀德国军人，其行动神出鬼没，手法残忍，对德军造成相当威胁，被称为“杂种”。三年后苏珊娜来到巴黎继承了姑母的电影院，结识了德国战斗英雄，电影《国家荣耀》的主演弗里德里克（丹尼尔·布鲁赫 Daniel Brühl 饰）。对苏珊娜一见钟情的弗里德里克说服德国宣传部长约瑟夫·戈培尔（西尔维斯特·格洛斯 Sylvester Groth 饰）在苏珊娜的影院首映《国家荣耀》，希特勒（马丁·乌特克 Martin Wuttke 饰）本人也将出席。苏珊娜决定借放映之机烧毁影院；而在德国间谍女演员布里奇特（戴安娜·克鲁格 Diane Kruger 饰）的安排下，英美联合的刺杀行动“奇诺”也将在首映当晚行动……
妈咪,2014,2014-09-19,剧情,138,82,法语,泽维尔·多兰,,Loving people doesn't save them.,单亲妈妈戴安（安妮·杜尔瓦勒 Anne Dorval 饰）大大咧咧，抽烟喝酒满口脏话，有着一颗不服输的心。她独自抚养患有多动症、常做出暴力行为的儿子斯蒂夫（安托万-奥利弗·波尼安 Antoine-Olivier Pilon 饰），母子关系游走在爆炸的边缘。戴安担心斯蒂夫惹是生非，斯蒂夫迫切想表达对妈妈的爱。新邻居凯拉（苏珊娜·克莱蒙 Suzanne Clément 饰）适时出现，这位患有失语症的高中女教师充当了母子的缓冲阀，让三个人都开始看到平衡和希望。然而斯蒂夫以前暴力行为带来的后果正在发酵，戴安需要支付一大笔赔偿金。她决定出卖自己的幸福并且做出一个痛苦决定：将儿子送回医院接受治疗......
泰勒·斯威夫特：时代巡回演唱会,2023,2023-12-31,音乐,169,82,英语,萨姆·伦奇,,It's been a long time coming.,体验由独一无二的泰勒·斯威夫特带来的、令人叹为观止的“时代巡回演唱会”。  泰勒·斯威夫特：时代巡回演唱会》（英语：Taylor Swift: The Eras Tour[a]）是一部于2023年上映的演唱会电影，为美国创作歌手泰勒·斯威夫特的时代巡回演唱会的电影版本。电影由萨姆·伦奇执导，斯威夫特担任制片人，并由AMC电影院和Cinemark电影院定档于2023年10月13日上映。  电影全程拍摄于巡演2023年8月3日至5日在洛杉矶SoFi体育场举办的三场演唱会，同时本片也因为并非电影和电视制片人联盟成员制作公司参与的电影因此得以在2023年好莱坞劳资纠纷罢工期间得以进行制作。在与好莱坞主要电影与流媒体公司就发行协议方面谈判破裂后，斯威夫特与AMC电影院达成了发行本电影的协议，随后亦与Cinemark电影院达成发行协议。电影自宣布以来便获得了极大的关注度和电影票需求，部分电影公司因电影的突然宣布而宣布紧急将其计划于10月13日上映的电影进行改档调整，同时电影以预售首日3700万票房打破了多项美国电影首日预售记录，并于2023年10月5日预售达到1亿美元，成为史上票房最高的演唱会电影。
黑暗正义联盟：天启星战争,2020,2020-05-05,"动画,动作,冒险,奇幻",90,82,英语,Mairghread Scott,丹尼·奥尼尔,The war to end all wars.,在星际暴君达克赛德（Darkseid）摧毁正义联盟（Justice League）后，地球被毁灭了，这场战争是由DC超级英雄发动的。现在，正义联盟、少年泰坦、自杀小队和其他各色各样的好堡垒必须重新集结，制定战略，并将战争带到黑暗世界，以拯救地球及其幸存居民。
砂之女,1964,1964-02-15,"剧情,惊悚",123,82,日语,安部公房,敕使河原宏,Haunting. Erotic. Unforgettable.,一个昆虫学家（冈田英次 饰）在沙漠做野外考察，却不慎错过归程班车，被困在一个沙漠中的小村子里。他落脚在一个寡妇（岸田今日子 饰）家，被招待之后发现通往外界的路已经被封住。他慢慢观察村子的各种古怪，比如全部村民每到夜晚都要出动铲沙，以免居住的房屋被沙子埋掉，所有的水都受到管制，实行配给制使用等。收留他的寡妇开始用身体诱惑他，试图和他重组一个家庭，他几次三番尝试逃走都以失败告终，只好表面上虚与委蛇，进入村子定期劳动、享受配给的生活模式，但他内心始终在做逃走的打算。一日，寡妇突发急病，被医生诊断为意外怀孕，大家手忙脚乱带她去送医，男人终于有了千载难逢的逃走机会……
男孩、鼹鼠、狐狸和马,2022,2022-12-02,"动画,家庭,冒险,奇幻",35,82,英语,Peter Baynton,Charlie Mackesy,一次寻找家的旅行。,查理·麦克西的同名绘本改编的手绘动画，关于善良、友谊、勇气和希望，通过一段辛酸而真挚的旅程，讲述了一个男孩、一只鼹鼠、一只狐狸和一匹马，四个孤独的灵魂在寻找家的过程中结伴而行，并在彼此身上找到了自己存在的意义。
致命魔术,2006,2006-10-17,"剧情,悬疑,科幻",130,82,英语,克里斯托弗·诺兰,克里斯托弗·普里斯特,千万别眨眼,19世纪末，人们对科学文明的认知还不太清楚，于是，安吉尔和伯登凭借魔术，成为了伦敦城内的神奇人物。安吉尔出身贵族，魔术手段华丽丰富，是富人圈子里的表演常客。而伯登即使出身平平，争强好胜的心智和充满创造力的魔术技巧，却也令他有了名气。两人自小便是要好的伙伴，然而，现在魔术界二人各有领地，并且都有野心想成为顶级魔术师，一番明争暗斗如箭在弦上。伯登掌握了精彩的分身术，叫座又叫好。而安吉尔见情势不妙，搬来科学家助阵——他发明的交流电有无穷魔力，保证让观众目瞪口呆。二人出招接招，一来一往，争斗在剧烈升级，友谊和道德都被抛诸脑后，一场血案在悄悄酝酿。
闪灵,1980,2026-01-30,"恐怖,惊悚",119,82,英语,斯坦利·库布里克,斯蒂芬·金,A masterpiece of modern horror.,杰克是一个作家。一个冬天，他得到了一个看管山顶酒店的差事。这正合杰克的意思，他正好可以有一个幽静的地方写作。于是杰克带着妻儿搬进了酒店。冬天大雪封路，山顶酒店只有杰克一家三口。从他们一搬进来，杰克的妻子温蒂就发现这里气氛诡异，杰克的儿子丹尼经常看到一些他不认识的人，但这里除了他们一家别无他人。而杰克除了一整天闷头写作外，脾气亦变得越来越古怪。直到有一天，温蒂发现丈夫这些天来一直写就只有一句话：杰克发疯了！
穿靴子的猫2,2022,2022-12-23,"动画,冒险,奇幻,喜剧,家庭",103,82,英语,汤米·斯威德洛,乔尔·克劳福德,Say hola to his little friends.,时隔11年，臭屁自大又爱卖萌的猫大侠回来了！如今的猫大侠（安东尼奥·班德拉斯 配音），依旧幽默潇洒又不拘小节、数次“花式送命”后，九条命如今只剩一条，于是不得不请求自己的老搭档兼“宿敌”——迷人的软爪妞（萨尔玛·海耶克 配音）来施以援手来恢复自己的九条生命。
相助,2011,2012-04-23,剧情,146,82,英语,塔特·泰勒,Kathryn Stockett,从一句悄悄话开始改变,上世纪60年代，在密西西比州，黑佣艾比里恩（维奥拉•戴维斯 Viola Davis 饰）勤勤恳恳照顾女主人的女儿，后者因产后抑郁症只顾与闺蜜贪欢。密西西比大学毕业生斯基特（艾玛•斯通 Emma Stone 饰）在报社负责家庭主妇信箱，并由此开始黑佣的生存状态。其中，希利（布莱丝•达拉斯•霍华德 Bryce Dallas Howard 饰）无疑是反面教材，她态度傲慢，对黑佣米妮（奥克塔维亚•斯宾瑟 Octavia Spencer 饰）抱有偏见，并力主黑佣不能与主人共用厕所。最终因不堪受辱，米妮愤然离去，并以牙还牙，假借道歉之机让她蒙羞。斯基特开始采访艾比里恩和米妮，希望了解黑佣的生存状态，并为自己的新书积累素材。与此同时，马丁路德金领导的平权运动正在如火如荼地开展，而斯基特所在的密西西比州正是斗争的前沿，因为黑人遭射杀的血案，种族隔离开始，一场肤色之争在所难免……
星球大战4：新希望,1977,1977-05-25,"冒险,动作,科幻",121,82,英语,乔治·卢卡斯,,很久很久以前，在遥远的银河系……,很久以前，在一个遥远的银河系……莱娅公主被邪恶的帝国势力挟为人质，企图镇压反抗银河帝国的起义军。卢克·天行者与汉·索罗船长携手可爱的机器人搭档R2-D2和C-3PO，共同踏上拯救美丽公主、恢复银河系正义的征程。[20世纪福克斯]
鬼灭之刃剧场版：无限列车篇,2020,2020-10-16,"动画,动作,奇幻",117,82,日语,外崎春雄,,挥舞此刀，断绝梦魇,炭治郎等人完成蝴蝶屋的训练，下一个目的地是开往黑暗的无限列车。以多人行踪不明的这辆列车为舞台，炭治郎带着祢豆子与善逸、伊之助一行人，与鬼杀队最强剑士〝柱〞其中之一炎柱炼狱杏寿郎会合，新的任务即将开始！
禁闭岛,2010,2010-02-19,"剧情,惊悚,悬疑",138,82,英语,马丁·斯科塞斯,丹尼斯·勒翰,有些地方永远不会让你走。,故事发生于波士顿海湾的一座与世隔绝的小岛上，66名精神病罪犯被关押于此，传言岛上正在进行种种人体实验。重重戒备之下，一个杀害了三个亲生孩子的女犯雷切尔，竟诡异失踪。联邦执法官泰德·丹尼尔和搭档查克奉命上岛调查此事。而泰德此行前来还有一个隐秘的目的——寻找让妻子 葬身火海的凶手。故事遵循这条线索展开，寻找失踪之谜、访问医院工作人员与病人、地毯式搜查……泰德查遍全岛，意外发现岛上多出一份神秘档案：第67号病人的 ！岛上所有秘密无不纠结于这个多出来的人。但究竟谁是67号？
寻梦环游记,2017,2017-11-22,"家庭,动画,音乐,冒险",105,82,英语,李·昂克里奇,阿德里安·莫利纳,在爱的记忆消失前 请记住我,尽管家族世代对音乐有着令人费解的禁令，米格尔仍梦想成为偶像埃内斯托·德拉克里兹那样杰出的音乐家。急于证明自己的才华，米格尔因一连串神秘事件而误入绚丽多彩的亡灵之地。途中，他遇到了迷人的捣蛋鬼埃克托，两人携手踏上非凡旅程，揭晓米格尔家族历史背后尘封的真相。[迪士尼/皮克斯]
福音战士新剧场版：终,2021,2025-10-31,"动画,动作,科幻,剧情",154,82,日语,庵野秀明,鹤卷和哉,再见了，所有的福音战士。,葛城美里和她的反“NERV”组织WILLE到达因为地球核心化而呈赤红色的巴黎。船员从旗舰奇迹号上降落到一个密闭塔，他们只有720秒的时间来复原城市。此时多架“NERV”组织的福音战士出现，真希波驾驶福音战士8号机·改加以拦截。同时，碇真嗣、明日香和绫波零在日本附近徘徊。
狼行者,2020,2020-10-04,"动画,家庭,冒险,奇幻",102,82,英语,Ross Stewart,Tomm Moore,Be fierce. Be wild. Be free.,在一个充满迷信与魔法的时代，年轻的见习猎人罗宾·古德费洛跟随父亲前往爱尔兰，奉命消灭最后一群野狼。在城墙外的禁忌之地探险时，罗宾结识了无拘无束的女孩梅芙——她来自一个神秘部落，传说其族人能在夜晚化身为狼。在寻找梅芙失踪母亲的过程中，罗宾逐渐揭开了惊人的秘密，她不仅更深地卷入狼行者的奇幻世界，更可能变成父亲奉命摧毁的存在。
神秘博士：博士之日,2013,2013-11-23,"科幻,冒险",75,82,英语,Nick Hurran,史蒂文·莫法特,神秘博士五十周年特别篇,被列入世界吉尼斯纪录的最长科幻系列电视剧《神秘博士》将迎来第50周年的播放纪念。为了庆祝这部长寿电视剧的半百生日，英国广播公司BBC电视台制作了《神秘博士》特辑，不仅将在英国电视台和电影院同步播映，还将首次以3D形式与观众见面。
血战钢锯岭,2016,2016-12-08,"剧情,历史,战争",139,82,英语,梅尔·吉布森,罗伯特·申坎,夭矫慕清颜 野村出少年 行伍多龃龉 矢志不为迁 百死身未远 侠骨锻烽烟 黄沙葬焦骨 孰叹孰疯癫,故事改编自二战上等兵军医戴斯蒙德·道斯的真实经历，他因为在冲绳岛战役中勇救75人生命而被授予美国国会荣誉勋章，同时也是首位获此荣誉的在战场上拒绝杀戮的医疗兵。
小姐,2016,2016-06-01,"惊悚,剧情,爱情",145,82,朝鲜语,朴赞郁,萨拉·沃特斯,一只章鱼哥，两双剪刀脚,故事背景设定在1930年代日本占领时期的朝鲜。新人女仆淑熙受雇服侍日本贵族秀子，后者与专横的舅舅居住在一座偏僻的乡间大宅中。然而女仆怀揣秘密：她实为一名扒手，受假冒日本伯爵的骗子招募，企图助其引诱小姐私奔，夺取财产后将秀子关进疯人院。计划似乎顺利进行，直到淑熙与秀子之间萌生了意料之外的情愫。[CJ Entertainment]
被解救的姜戈,2012,2013-05-12,"剧情,西部",163,82,英语,昆汀·塔伦蒂诺,,生命、自由与复仇的追求。,1858年，美国南北战争前两年。德国赏金猎人金·舒尔茨（克里斯托弗·瓦尔兹 Christoph Waltz饰）从贩奴商人手中买下黑奴姜戈（杰米·福克斯 Jamie Foxx饰），让其重获自由。舒尔茨实则是要把姜戈培养成无法无天的赏金猎人，为其缉拿各种通缉犯以换取报酬。姜戈的唯一条件是：从暴虐的糖果庄园主卡尔文·坎迪（莱昂纳多·迪卡普里奥 Leonardo DiCaprio饰）手中解救出自己的妻子布鲁姆希尔达（凯丽·华盛顿 Kerry Washington饰）。
桃色公寓,1960,2016-04-17,"喜剧,剧情,爱情",125,82,英语,比利·怀尔德,I. A. L. Diamond,就电影而言，从未有过这样的作品——论笑料、论爱情，还是论其他任何方面！,C. C. Baxter是纽约一个大公司的小职员，他的单身公寓经常被公司的高层们用去当作幽会的场所，Baxter也因此获得不少升迁的机会。Baxter暗恋着公司的电梯女郎Fran Kubelik，这天他终于鼓起勇气约了她晚上一起去看一出戏剧。然而Baxter等了一晚却未见Fran的踪影，原来Fran是公司的高管有妇之夫Jeffery Sheldrake的地下情人，那晚他们还在Baxter的公寓幽会。Jeffery信誓旦旦向Fran表示，他将和他的妻子离婚然后和她名正言顺地在一起。Fran相信了，然而几个星期后她又从Jeffery的上一任情人知晓了Jeffery所说的不过是个谎言。另一方面，在一个夜里，当Baxter回到他家的时候，意外地发现Fran竟倒在他的床上，并且服了很多安眠药企图自杀......  本片获1960年奥斯卡十项提名，赢得包括最佳导演、最佳影片在内的五项大奖。
我的母亲有话说,2019,2019-12-26,喜剧,111,82,葡萄牙语,Susana Garcia,Paulo Gustavo,简介,Dona Hermínia will have to rediscover and reinvent herself because her children are forming new families. This supermom will have to deal with a new life scenario: Marcelina is pregnant and Juliano is getting married.
发条橙,1971,1971-12-19,"科幻,犯罪",137,82,英语,斯坦利·库布里克,安东尼·伯吉斯,一个主要兴趣是强奸、极度暴力和贝多芬的青年的冒险,阿利斯是一位无恶不作的少年，他的特殊喜好是边听贝多芬的交响曲边奸淫女性，某次他进入一所别墅抢劫一番后，打残了该别墅的主人——一名小说家，并用特殊喜好蹂躏了其妻子。后来因为杀了一名单身女子，阿利斯入狱并接受了特殊的人格治疗，出狱后，他对淫乐之事产生彻底的厌倦。但当阿利斯回到家时，周围人群没改变对他的旧看法，在种种歧视的重压下，他跑到郊外一所别墅想喘口气，不想这所别墅正是他以前抢劫过的小说家的那所。而作为反政府组织首领的该小说家为了达到某种目的，软禁了阿利斯。当这件事暴露小说家被捕时，其手下为了对抗政府，扬言要把阿利斯恢复原来的性情，完全不理一旁的阿利斯大叫“我完全好了”。
记忆碎片,2000,2001-03-16,"悬疑,惊悚",113,82,英语,克里斯托弗·诺兰,,有些记忆在被忘掉了时是最好的,警方不予受理后，伦纳德·谢尔比执意追查强奸杀害妻子的凶手。然而，一种罕见且无法治愈的失忆症，使他踏上复仇之路难上加难。
我在雨中等你,2019,2019-08-09,"剧情,爱情",109,82,英语,西蒙·柯蒂斯,加斯·斯坦,Meet the dog who will show the world how to be human.,影片改编自Garth Stein所著同名畅销小说，聚焦一只名叫恩佐的狗狗，和他的主人——职业赛车手Denny Swift，恩佐跟着Denny学会了很多生活哲学。
宇宙小子大电影,2019,2019-08-26,"动画,家庭,冒险,奇幻",90,82,英语,瑞贝卡·舒格,Kat Morris,The true kinda love.,讲述史蒂文以为他保护地球的日子结束了，但新的反派来到沙滩市，史蒂文平静美丽的日子也完了，他遇到了人生中最大的挑战。
偷自行车的人,1948,1948-11-24,剧情,93,82,意大利语,维托里奥·德西卡,切萨雷·扎瓦蒂尼,The Prize Picture They Want to Censor!,这部荣获奥斯卡奖的维托里奥·德西卡作品，被全球影坛誉为有史以来最伟大的电影之一，界定了电影史上的一个时代。在战后贫困的罗马，一个男人得到了一份能为其绝望家庭带来救赎希望的新工作，然而开工第一天，他工作必需的自行车便遭窃。他带着年幼的儿子，踏上了寻找窃贼的征程。结构简朴而人性洞察深刻，本片凝聚了意大利新现实主义运动的最大优点：情感上的澄澈、社会意义上的正直，以及残酷的诚实。[标准收藏公司]
对一个不容怀疑的公民的调查,1970,1970-02-12,"剧情,惊悚",111,82,意大利语,Elio Petri,Ugo Pirro,简介,这位极具挑衅性的意大利电影导演埃利奥·佩特里在国际上最受赞誉的作品，便是这部荣获奥斯卡奖、令人震撼且直击人心的杰出惊悚片。在讲述一位罗马警探调查一桩令人发指的罪行——而凶手正是他自己——这一卡夫卡式故事时，佩特里巧妙维系了荒诞与写实间的平衡。影片既是对人物的深刻剖析，亦是对1960年代末至70年代初意大利政府高压镇压的尖锐评论。佩特里对超现实官僚体系的动态描摹，呈现出一幅反常又愉悦的受控混乱图景。[标准收藏]
非常嫌疑犯,1995,1995-08-16,"剧情,犯罪,惊悚",96,82,英语,布莱恩·辛格,克里斯托弗·麦夸里,五个罪犯， 一条线， 没有巧合！,美国加州的圣佩雷罗港一艘货轮爆炸，死亡27人，9000万美元失踪。事故发生以后，联邦调查局探员白基奇在医院等待昏迷不醒的幸存者；海关特派员大卫（查兹•帕明特里 饰）则对另外一名拿到特赦令的幸存者金特（凯文•史派西 饰）进行了审问。金特供认，在事故中丧生的基顿（加布里埃尔•伯恩 饰）、法特（本尼西奥•德托罗 饰）、麦曼诺（斯蒂芬•鲍尔文 饰）和杜学尼（凯文•波拉克 饰），以及他本人，六个月前被警察局作为卡车抢劫案的疑犯带到警局过了一夜，五人因此结成了一个犯罪团伙，狼狈为奸……
异形,1979,2016-04-16,"恐怖,科幻",117,82,英语,丹·欧班农,雷德利·斯科特,在遥远的太空 无人能听到你的尖叫,未来的世界，人类已能轻松穿梭于星际之间，在太空中展开商业活动。“诺斯特罗莫”是在太空活动的众多星际商业运输船之一。一次，它完成任务满载太空矿石返航地球时，突然收到了一组奇怪的信号，由于这可能是求救信号，飞船接到指令前往信号源地进行搜救。经过一段飞行后，飞船终于抵达信号源发出的地方。船员们发现此处果然有一艘坠毁的飞船，只是，经过一番搜索，他们发现该船的船员们都早已死亡，化为化石。此时，留在“诺斯特罗莫”号的第三指挥官蕾普莉已经破译出该信号并不是求救信号，而是警告信号！队员的生死搏斗开始了！
东京物语,1953,1953-11-03,剧情,136,82,日语,小津安二郎,野田高梧,"As long as life goes on, relationships between parents and children will bring boundless joy and endless grief.",一部对人类本质与世间别离的深刻感怀之作，是电影巨匠小津安二郎导演生涯的至高杰作。以战后繁忙的东京为背景，讲述一对老夫妇前往探望成年子女的旅程，以导演一贯的细腻笔触与敏锐的社会观察，描摹出家庭生活中丰富而复杂的景象。笠智众与原节子等小津班底的动人演绎，使影片深入拓展了导演一以贯之的代际隔阂主题，无疑成就了电影史上最伟大的杰作之一。[标准收藏公司]
第七封印,1957,1957-02-16,"奇幻,剧情",96,82,瑞典语,英格玛·伯格曼,,关于死亡挑战的故事。,十字军东征归来的骑士精疲力竭，发现中世纪瑞典正被瘟疫笼罩。当披着斗篷的死神突然现身时，骑士向他发起了象棋对决的挑战。随着这场命运棋局的推进，骑士与随从在绝望的社会中邂逅了形形色色的边缘人。导演英格玛·伯格曼以此展开对信仰本质与死亡折磨的深邃追问。作为当时最具影响力的电影之一，本片不仅是人类探寻意义的震撼寓言，更是一部凝练的视觉诗篇。[标准收藏公司]
无间道风云,2006,2006-10-05,"剧情,惊悚,犯罪",151,82,英语,马丁·斯科塞斯,威廉·莫纳汉,警察还是罪犯。当你面对一把上膛的枪时，这二者又有何区别？,这部由马丁·斯科塞斯执导的硬派犯罪剧情片，将我们带入两名警察的人生：科林·沙利文（马特·达蒙 饰）精明而野心勃勃，看似在麻省州警精英特别调查组中拥有快速晋升通道，该部门的首要目标是势力庞大的爱尔兰黑帮头目弗兰克·卡斯特罗（杰克·尼科尔森 饰）。比利·科斯蒂根（莱昂纳多·迪卡普里奥 饰）熟知街头法则且强悍坚韧，却因被指暴力倾向而失去警徽，最终重回南波士顿的混乱街头，并被招募加入卡斯特罗的团伙。然而两人皆隐藏着真实身份，当他们在对立阵营中展开行动时，被迫卷入一场生死攸关的致命猫鼠游戏。[华纳兄弟]
心灵捕手,1997,1997-12-05,剧情,126,82,英语,格斯·范桑特,本·阿弗莱克,第70届奥斯卡金像奖 最佳原创剧本,麻省理工学院的数学教授蓝波在席上公布了一道困难的数学题，却被年轻的清洁工威尔（马特·戴蒙 饰）解了出来。可是威尔却是个问题少年，成天和好朋友查克（本·阿弗莱特 饰）等人四处闲逛，打架滋事。当蓝波找到这个天才的时候，他正因为打架袭警被法庭宣判送进看守所。蓝波向法官求情保释，才使他免于牢狱之灾。蓝波为了让威尔找到自己的人生目标，不浪费他的数学天赋，请了很多心理学专家为威尔做辅导，但是威尔十分抗拒，专家们都束手无策。无计可施之下，蓝波求助于他大学的好友，心理学教授尚恩（罗宾·威廉姆斯 饰），希望能够帮助威尔打开心房。经过蓝波和尚恩的不懈努力，威尔渐渐敞开心胸，而好友查克的一席话，更是让他豁然开朗。
朝花夕誓：于离别之朝束起约定之花,2018,2019-02-02,"动画,奇幻,剧情,冒险",115,82,日语,冈田麿里,,爱上他人，便是孤独的开始,在世界的尽头，住着一群被称为“离别一族”的古老民族：他们拥有着长寿之血和永生不老的面容。在一场外族入侵的战役中，离别一族惨遭灭族，15岁的玛奇亚虽然侥幸逃生，却彻底和朋友失去了联系。孤身一人的她在残骸中拾到了一个普通人家的遗孤，并决定收养它。然而随着时间的流逝，玛奇亚必须要学会如何做一个母亲，经历人间的生离死别，并在朝代的更迭中守护“离别一族”最后的信仰…
Top Gun: Maverick,2022,2022-05-27,"动作,剧情",131,82,英语,吉姆·卡什,杰克·埃普斯,壮志凌云2：独行侠,壮志凌云2：独行侠 作为海军顶尖飞行员服役30多年后，皮特·米切尔（代号：“独行侠”）（汤姆·克鲁斯 饰演）决定打破体制的限制，成为一名试飞员接受更大的挑战。当他接到命令，为一项高难度特殊任务训练一群“高空利剑”项目的毕业生时，他遇到了已故的好友兼雷达截获官，代号“笨鹅”的尼克·布拉德肖中尉之子布莱德利·布拉德肖中尉（代号：“公鸡”）。  面对不确定的未来和难以释怀的心魔，独行侠必须战胜内心深处的恐惧。因此，他参与了一项需要巨大牺牲才能完成的任务
疤面煞星,1983,1983-12-09,"动作,犯罪,剧情",170,82,英语,布莱恩·德·帕尔玛,奥利弗·斯通,世界是你的...,古巴难民青年托尼（阿尔•帕西诺 Al Pacino 饰）逃难来到了美国的迈阿密，成了一个典型的天不怕、地不怕的美国街头小混混。托尼在当地的一个毒枭手下干活，因其心狠手辣、胆大心细，十分出色地帮老大完成了几件任务而迅速受到赏识，成为毒枭的第一得力助手。然而托尼并没有就此满足，他先是从委内瑞拉的毒枭那里接下了大单子，接着将自己的眼中钉一颗颗除去，势力不断扩大。当他的老大感受到威胁时已经太晚了，托尼将老大干掉然后一统了迈阿密毒品市场的天下。托尼得势后他的性格开始变得疑神疑鬼，对周围的人甚至至亲的家人、好兄弟都充满怀疑。疑心使他逐渐走上了不归路！
鹬,2016,2016-06-17,"家庭,动画",6,82,英语,Alan Barillaro,,简介,皮克斯2016动画长片《海底总动员2》的前贴片，讲述了一只饥饿的小矶鹬，努力克服恐水症，到海浪肆虐的沙滩上觅食的故事。原来成长就是要抛去曾经的视角，才能看到最美的未来
楚门的世界,1998,2024-09-09,"喜剧,剧情",103,82,英语,彼得·威尔,安德鲁·尼科尔,如果再也不能见到你，祝你早安午安晚安。,二十九年前，一名男婴被奥姆尼康电视公司收养，从此成为全球最受欢迎的电视节目的主人公。他的名字叫楚门·伯班克。[派拉蒙影业]
无知的声音,2005,2005-01-28,"剧情,战争",120,81,西班牙语,Luis Mandoki,Oscar Orlando Torres,简介,20世纪80年代伊始，位于中美洲北部的小国萨尔瓦多爆发长达12年的内战。政府军和游击队连年激战，人民流离失所，国家破败不堪。11岁的男孩恰瓦（Carlos Padilla 饰）和母亲、姊妹生活在一起，他的父亲背井离乡，杳无音信。家中的生活困苦不堪，死亡也随时威胁着他们。本该在学堂求学的恰瓦，却被迫成为了一名端着冲锋枪的娃娃兵。从此，死神成为这群懵懂孩童最亲密最恐怖的同行者……
迷魂记,1958,2019-04-13,"悬疑,爱情,惊悚",128,81,英语,阿尔弗雷德·希区柯克,布瓦洛-纳尔瑟雅克,阿尔弗雷德·希区柯克将你卷入恐怖与紧张的漩涡之中！,这部惊悚悬疑片编织出一张令人晕眩的错位身份、激情与谋杀的巨网：患有恐高症的侦探从海湾救起一位神秘金发女郎后，陷入层层迷局。
黑帮悍将,1993,1993-02-05,"犯罪,动作,剧情,惊悚",180,81,英语,泰勒·哈克福德,Floyd Mutrux,An epic story of three brothers. Bound by blood. Divided by fate. Driven by destiny.,影片以诗人吉米·圣地亚哥·巴卡的真实生活经历为基础，重点讲述了帕科和克鲁兹的同父异母兄弟，以及他们的两个种族表兄米科。影片于1972年开拍，因为这三人是洛杉矶东部一个叫“瓦托斯机车”的团伙的成员，故事的重点是暴力犯罪和毒品的影响如何改变他们的生活。
寻子遇仙记,1921,1928-04-29,"喜剧,剧情",68,81,英语,查理·卓别林,,6 reels of Joy.,当查理·卓别林决定突破短片形式、创作其首部长片时，他已是国际巨星。本片不仅展现了卓别林职业生涯的转折点——证明了自己是一位严肃的电影导演，它本身亦是默片时代一部极具感染力的杰作。片中，他再次扮演那可爱的流浪汉角色，这次他收养了一个从街头救下的孤儿。卓别林与库根在这部情感与滑稽绝妙融合的作品中缔造了一对奇迹般的搭档。正如影片开场的字幕卡所言，这是“一部带笑——或许，也带泪的电影”。[标准收藏]
卡萨布兰卡,1943,1943-07-07,"剧情,爱情",102,81,英语,迈克尔·柯蒂斯,菲利普·G·爱泼斯坦,他们在卡萨布兰卡和命运有个约会,二战期间，卡萨布兰卡是欧洲逃往美国的必经之地，那里鱼龙混杂，局势紧张。里克（亨佛莱•鲍嘉 Humphrey Bogart 饰）是一个神秘的商人，他在卡萨布兰卡开了一家人气很旺的夜总会，并拥有两张宝贵的通行证。一天，反纳粹人士维克多和妻子伊尔莎（英格丽•褒曼 Ingrid Bergman 饰）来到夜总会，原来他们正在逃避纳粹的追捕。碰巧的是，里克发现，伊尔莎竟然是他的旧日情人。那段爱曾经刻骨铭心，却因为一个误会而终止。而当误会消解时，伊尔莎和里克的感情还是不可避免的重燃了。里克手上的两张通行证能帮助维克多度过难关，但这样一来，伊尔莎是决定留下，还是离去，他们的爱情在政治和伦理的推波逐流中走向何方。
熔炉,2011,2011-09-22,剧情,123,81,朝鲜语,黄东赫,孔枝泳,那个令人恐惧的真相，被隐藏得太久了。,本片取材于2005年光州一所聋哑障碍人学校的真实事件，改编自韩国作家孔枝泳的同名小说。
20世纪少女,2022,2022-10-06,"爱情,剧情",119,81,朝鲜语,方宥力,,A first love pov story.,1999年，一名少女为了大犯花痴的好友而密切关注学校里的一个男生，结果却展开了自己的爱情故事。
终结者2：审判日,1991,2000-05-18,"动作,惊悚,科幻",137,81,英语,詹姆斯·卡梅隆,盖尔·安妮·赫德,这绝非针对个人,上一部中，超级电脑“天网”阻止人类抵抗领袖约翰·康纳诞生的行动失败，时隔13年后，在“审判日”到来之前，“天网”派出了更加先进的生化机器人T-1000（罗伯特·帕特里克 饰）从公元2029年回到洛杉矶追杀已经长大的约翰，与此同时，约翰也派出了机器人T-800（阿诺· 施瓦辛格 饰）回去保护年幼的自己。
何以为家,2018,2019-04-29,剧情,126,81,阿拉伯语,娜丁·拉巴基,乔治斯·哈巴兹,我要控告我的父母 因为他们生下了我,法庭上，十二岁的男孩赞恩向法官状告他的亲生父母，原因是，他们给了他生命。是什么样的经历让一个孩子做出如此不可思议的举动？故事中，赞恩的父母在无力抚养和教育的状况下依然不停生育，作为家中的长子赞恩，弱小的肩膀承担了无数生活的重压。当妹妹被强行卖给商贩为妻时，赞恩愤怒离家，之后遇到一对没有合法身份的母子，相互扶持勉强生活。然而生活并没有眷顾赞恩，重重磨难迫使他做出了令人震惊的举动……
假面,1966,1966-10-18,剧情,85,81,瑞典语,英格玛·伯格曼,,英格玛·伯格曼最具个人特色与独创性的电影作品。,步入六十年代中期，英格玛·伯格曼早已在银幕上凝结了诸多影史难忘的画面。但凭借这部突破之作，他将视觉诗意推向了全新境界。丽芙·乌曼献出其为伯格曼演绎的首个传奇角色，饰演一位莫名失语的舞台演员；同样令人着迷的比比·安德松则是聒噪的年轻护士，在偏远海岛小屋中照料她。两人在孤寂相处中，经历了一场神秘的精神与情感置换。凭借惊人的表演层次感，以及斯文·尼克维斯特用强烈对比与柔光打造的摄影，这部极具影响力的影片成为一部洞察深刻、如梦似幻的心理学深度之作。
雨中曲,1952,1981-05-15,"喜剧,爱情",103,81,英语,贝蒂·康登,阿多夫·格林,What a Glorious Feeling!,一家默片制作公司及其演员团队在向有声时代艰难转型。
我的英雄学院：英雄崛起,2019,2019-12-20,"动画,动作,奇幻,冒险",104,81,日语,Kohei Horikoshi,长崎健司,"When There's Nothing to be gained, Rising to the challenge at those times, is surely the mark... OF A TRUE HERO!",新剧场版由原著作者堀越耕平担任总监修/角色原案，将展开原创故事。堀越耕平表示该剧场版在某种意义上是原作的最终回。
红胡子,1965,1965-04-03,剧情,185,81,日语,黑泽明,Shūgorō Yamamoto,生活的关键是什么——是权力、声望还是内心的平静？,黑泽明执导这部歌颂人性光辉的经典之作，影片围绕一位傲慢的年轻医生与仁厚的诊所院长之间跌宕起伏的羁绊展开。三船敏郎在他与黑泽明合作的最后一部作品中，以极具力量的表演诠释了这位威严而富有同理心的院长形象，引导其学生走向成熟，教会那位愤世嫉俗的实习医生珍视贫困患者的生命。黑泽明精准捕捉了19世纪日本的时代风貌与人文气息，将时间、地域与情感交织成一幅引人入胜的画卷。[标准收藏]
沙丘2,2024,2024-03-08,"科幻,冒险",166,81,英语,丹尼斯·维伦纽瓦,弗兰克·赫伯特,战士万岁。,《沙丘2》承接第一部剧情，讲述保罗·厄崔迪（提莫西·查拉梅 Timothée Chalamet 饰）被帕迪沙皇帝和哈克南人联手灭族后，在厄拉科斯星球遇到弗雷曼女战士契妮（赞达亚 Zendaya 饰）以及加入弗雷曼人后展开的传奇旅程。保罗与让他家破人亡的阴谋家们开战，同时面临着一生所爱与已知宇宙命运的两难选择。
多哥,2019,2019-12-20,"冒险,家庭",113,81,英语,埃里克森·科里,汤姆·弗林,不为人知的真实故事,聚焦1925年雪橇手和雪橇犬齐心协力为拯救阿拉斯加州诺姆市孩子的性命而奔波于血清接力路上的事件，被称为“Great Race of Mercy”。本片将登陆迪士尼自家流媒体，2019年推出。  1924年年底，诺姆市一个2岁小孩生病，医生诊断其患有扁桃体炎，这种疾病通常不会有生命危险，然而这个小孩成为例外，接下来很多孩子都被诊断患上了扁桃体炎，有几个不幸离世，医生最终确认这种病症是白喉。当时有一种疫苗能够用来对付白喉，然后诺姆市的疫苗全部过期，新疫苗在港口关闭前却未能送达，来年6月波罗的海才会解冻，也没有公路直通诺姆市、没有飞机，唯一运输货物的通道是邮路，然而冬天只有雪橇犬能够通行。卫生局决定使用两组雪橇犬接力运输，20个雪橇手和150只雪橇犬必须日夜兼程，经过河流，跨过平原，穿过森林，穿越冰冻的阿拉斯加邮路。最近的疫苗所在地为南纳，距离诺姆市1085公里，一般情况下狗拉雪橇需要费时25日，而他们只花了5天半就成功完成接力，拯救了多名孩子的性命。  本片主角Togo是挪威赶雪橇高手Leonhard Seppala(达福饰)使用的其中一只领头犬，因机智、卓越的领导力和敏锐的直觉备受称赞。Seppala被委任传送这场接力中最危险的一段，从诺姆到奴拉托接收那批免疫血清，在零下30度、七级以上强风的环境下成功完成了任务。之后南极探险家Roald Amundsen为Togo颁发了一枚金牌。  比约恩饰演一名接力人员，在途中背叛了Seppala。
中央车站,1998,1998-04-03,剧情,110,81,葡萄牙语,沃尔特·塞勒斯,马科斯·伯恩斯坦,在希望与孤独之间，两条生命交汇，重塑自我,里约热内卢的中央车站，朵拉在这里帮人写信。但她会把看不顺眼的信统统撕掉不寄，甚至公开读信里的内容取乐。朵拉生活拮据，年纪不小却还未嫁，或许在她内心，人与人之间的真情根本就不值得信赖。 小男孩约书亚的出现令她开始了一段重新认识人生的旅程——约书亚很想见到远方素未谋面的父亲，不断写信给他。男孩母亲意外的车祸让朵拉决定陪伴约书亚前往东北部寻找父亲。在约书亚眼中，即使父亲很陌生，却总是骄傲地谈起父亲。而朵拉，也同样有着一段和父亲的痛苦往事。在约书亚寻父的过程中，朵拉因为往事而冰冻的内心慢慢回暖。
出租车司机,1976,2014-06-20,"犯罪,剧情",113,81,英语,马丁·斯科塞斯,保罗·施拉德,“你在跟我说话吗？”,这部马丁·斯科塞斯1976年的杰作，讲述了一位精神濒临崩溃的纽约出租车司机，为解救一名未成年妓女而走上暴力之路的过于真实的故事。[索尼]
小丑,2019,2019-10-04,"犯罪,惊悚,剧情",122,81,英语,托德·菲利普斯,比尔·芬格,摆出一张笑脸吧,亚瑟·弗兰克是一个依靠扮演小丑赚取营生的普通人，患有精神疾病的他和母亲一同住在哥谭市的一座公寓里，幻想成为脱口秀演员的亚瑟为了这个目标而努力的生活着，但是现实却屡次击败他的梦想，亚瑟渐渐地变得越来越癫狂，某天在地铁上，亚瑟为了自保杀害了几名嘲笑他的人，同时，一个疯狂的想法在亚瑟心灵萌发……  在看似和平的哥谭市，即将发生翻天覆地的巨变。
我的朋友们,1975,1975-10-24,喜剧,140,81,意大利语,图里奥·皮内利,莱昂纳多·本韦努蒂,"They played together, they drank together, they whorekistand together and when the semiwattle was in crispation, they had a boobchik of a time!",内基（酒吧老板）、佩罗齐（记者）、梅兰德里（建筑师）和马斯切蒂（一个破碎的贵族）住在佛罗伦萨。他们从最年轻的时候就成了朋友，每一个空闲的时候，他们都会一起组织复杂而可怕的笑话，或者只是在托斯卡纳游荡。其中一次疯狂的旅行最终会在像萨萨洛里教授这样的军方管理的医院里结束。梅兰德里爱上了他的妻子，从丈夫那里抢走了她，这让萨萨洛里自己很高兴。这段关系不会持续下去，但教授成了朋友团队中的第五个成员，笑话变得更加复杂和有力……
奇爱博士,1964,2024-04-18,"喜剧,战争",95,81,英语,斯坦利·库布里克,彼得·乔治,The hot-line suspense comedy.,斯坦利·库布里克对冷战焦虑的痛苦式幽默诠释，是好莱坞有史以来对人类愚行最尖锐的讽刺之一。千面戏骨彼得·塞勒斯一人分饰三个截然不同的角色：皇家空军上校莱昂内尔·曼德雷克——怯懦地试图阻止一位精神失常的美军将军下令对苏联发动核袭击；优柔寡断且始终惊愕的美国总统默金·马夫利，不得不将噩耗告知苏联总理；以及片名所指的奇爱博士本人，那位身坐轮椅、有着纳粹过往的总统顾问。在几乎所有难以想象的场景中发掘出荒诞笑料，本片是一部颠覆性杰作，正式宣告库布里克成为无与伦比的风格大师与漆黑讽刺家。[标准收藏]
Palmer,2021,2021-01-28,剧情,110,81,英语,费舍尔·史蒂文斯,Cheryl Guerriero,Family is who you make it.,在坐牢12年后，前高中橄榄球明星埃迪·帕尔默回到了家乡，开始全新的生活。他和来自一个麻烦家庭的弃儿山姆建立了一种意想不到的联系，但埃迪的过去威胁到他的新生活和家庭。
全金属外壳,1987,1987-06-26,"剧情,战争",117,81,英语,斯坦利·库布里克,古斯塔夫·哈斯福德,在越南，风不是吹来的，而是吸来的。,"越战期间，加入海军陆战队的一群年轻人被剃了光头，并分配寝位，负责训练他们的上校时常羞辱他们，还给他们取难听的外号，“傻瓜比尔""由于是胖子，动作老是出错，因此成为最经常被上校修理的人。班长“小丑""耐心照顾他。但傻瓜比尔再次的失误，令上校愤怒地惩罚全队，伙伴们终于忍无可忍，将傻瓜比尔痛揍了一顿。之后，傻瓜比尔开始对枪自言自语，他发挥了射击的才华，连上校也赞赏他终于可以成为伟大的“杀人机器""，就在出发前往越战战场的那晚，傻瓜比尔在他的 M14装满“全金属外壳子弹""，一枪打死上校，然后自己也含枪自杀。 　　选择编入新闻组的小丑，被长官派去前线采访，小丑看见年轻的士兵们已经麻木，在越共尸体旁饮酒、一面笑一面在直升机上扫射逃走的村民。他随众巡视，误入未扫荡的地区，大家遭到狙击手埋伏，牺牲了好几位同伴后，他们终于确定狙击手藏身的建筑物，小丑落单时忽然发现狙击手，对方原来是个非常年轻的少女！随他而来的摄影员开枪救了他，少女在地上痛苦的挣扎，一名士兵要大家离开，任那少女在此地腐朽。在少女的“杀了我""的哀求中，小丑终于拿起，扣下扳机……"
地球之盐,2014,2014-09-27,纪录,110,81,法语,维姆·文德斯,朱利安诺·里贝罗·萨尔加多,萨尔加多的凝视,在过去的四十年里，摄影师塞巴斯蒂昂·萨尔加多游历各大洲，追随变迁中的人类足迹。他见证了近代历史上一些重大事件：国际冲突、饥荒与逃亡。如今，他正投身于一个宏大的摄影项目，探索原始地域、野生动植物以及壮丽景观，以此致敬地球之美。
少年的你,2019,2019-10-25,"剧情,犯罪,爱情",138,81,英语,曾国祥,许伊萌,你保护世界，我保护你,一场高考前夕的校园意外，改变了两个少年的命运。陈念 性格内向，是学校里的优等生，努力复习、考上好大学是高三的她唯一的念头。同班同学的意外坠楼牵扯出一连串不为人知的故事，陈念也被一点点卷入其中…在她最孤独的时刻，一个叫小北 的少年闯入了她的世界…大多数人的18岁都是明媚、快乐的，而他们却在18岁这个夏天提前尝到了成人世界的漠然。一场秘而不宣的“战斗”正在上演，他们将一起守护少年的尊严  。
落水狗,1992,1992-10-23,"犯罪,惊悚",99,81,英语,昆汀·塔伦蒂诺,,凡人皆有得意时。,故事发生在南加州某地，黑帮老大乔·卡伯特和他的儿子“好家伙”艾迪召集了六名强盗，准备到珠宝店抢劫一批天然钻石。这六个人彼此各不相识，甚至连对方的姓名都无从得知。乔为了保持机密，以颜色作为代号分别给六人起名为白先生、橙先生、金先生、粉先生、棕先生和蓝先生，并规定他们之间不能透露任何私事。 抢劫时，六个人中了警察的埋伏，蓝先生和棕先生当场死亡。白先生带着受伤的橙先生回到预定的聚集地——一个仓库里。一路上，白先生对橙先生十分关爱，甚至告诉了他自己的名字。一会儿，粉先生也来到这里，他把到手的钻石已妥善存好，只等乔来时，大家平分。白先生和粉先生回想案发时的情景，得出结论，六人中必定有卧底的警察。在抢劫时举止疯狂的金先生活捉了一个警察回来。从警察口中，他们也没得到那个卧底的情报。不久，“好家伙”艾迪也来了，他同白先生和粉先生一起去取钻石。而金先生则开始虐待那个警察。在准备烧死警察的时候，金先生突然被躺在地上的橙先生开枪打死。原来橙先生就是卧底的警探。众人回到仓库，乔和“好家伙”艾迪认清橙先生是卧底，而白先生依然极力维护橙先生。最后，由于争执不下，一场血腥的枪战发生了......
剧场版 咒术回战 0,2021,2025-04-03,"动画,动作,奇幻",104,81,日语,朴性厚,濑古浩司,Love is a twisted curse.,乙骨忧太是一个高中生，他正面临着一个严重的问题，青梅竹马理香变成了一个咒灵，不会让他一个人呆着。由于理香不是普通的咒灵，他的困境被咒术高专的老师五条悟注意到了。五条说服忧太入学，但他赶得及吗？
永远的车神,2010,2011-06-02,纪录,106,81,英语,阿西夫·卡帕迪亚,Manish Pandey,No fear. No limits. No equal.,影片讲述了巴西传奇车手埃尔顿·赛纳传奇的一生。一级方程式车手赛纳在其职业生涯中参加了161场大奖赛、41次冠军、65次排头位、三次一级方程式大奖赛年度总冠军，以其勇敢、智慧，奔驰在赛场上10年，创造出了不平凡的成绩，成为当代世界最优秀的赛车手，被誉为“赛车王子”……不幸的是， 1994年5月1日在圣马力诺的伊莫拉赛道上撞车身亡，年仅34岁。
机器人总动员,2008,2008-06-22,"动画,家庭,科幻",98,81,英语,安德鲁·斯坦顿,吉姆·里尔登,一个超越“平凡”的冒险,公元 2700 年，人类文明高度发展，却因污染和生活垃圾大量增加使得地球不再适于人类居住。地球人被迫乘坐飞船离开故乡，进行一次漫长无边的宇宙之旅。临行前他们委托 Buynlarge 的公司对地球垃圾进行清理，该公司开发了名为 WALL·E（地球废品分装员的缩写）的机器人担当此重任。 这些机器人按照程序日复一日、年复一年辛勤工作，但随着时间的流逝和恶劣环境的侵蚀，WALL·E 们接连损坏、停止运动。最后只有一个仍在进行这项似乎永无止境的工作。经历了漫长的岁月，它开始拥有了自己的意识。它喜欢将收集来的宝贝小心翼翼藏起，喜欢收工后看看几百年前的歌舞片，此外还有一只蟑螂朋友作伴。直到有一天，一艘来自宇宙的飞船打破了它一成不变的生活…
八部半,1963,1963-02-14,剧情,138,81,意大利语,费德里科·费里尼,恩尼奥·弗拉亚诺,A picture that goes beyond what men think about - because no man ever thought about it in quite this way!,"马斯楚安尼饰演的导演圭多·安塞尔米，其新片计划与个人生活同时陷入崩解之境。费德里科·费里尼的《八部半》将个体艺术危机转化为宏伟的电影史诗，堪称影史最杰出的""关于电影的电影""之一。影片早期暂定名《美丽的混乱》，恰如其分地概括了这部杰作的特质：它是一场流光溢彩的梦境、一次马戏狂欢、一出视觉魔术。[标准收藏公司]"
机动奥特曼：崛起,2024,2024-06-14,"动画,科幻,家庭,动作",117,81,英语,Shannon Tindle,Marc Haimes,Big hero. Bigger responsibility.,一名明星运动员不情愿地回到家乡，接替父亲继承奥特曼的衣钵，保护东京免遭巨大怪兽的破坏，成为一名传奇英雄。
哪吒之魔童闹海,2025,2025-01-29,"动画,奇幻,冒险,动作",144,81,汉语,饺子,,Witness a hero reborn.,天劫之后，哪吒、敖丙的灵魂虽保住了，但肉身很快会魂飞魄散。太乙真人打算用七色宝莲给二人重塑肉身。但是在重塑肉身的过程中却遇到重重困难，哪吒、敖丙的命运将走向何方？ 申公豹放出被囚的四龙王，东海龙王敖光表示“我若出战，就让陈塘关鸡犬不留”，哪吒为了守卫陈塘关将与四海龙王大打出手。
奇迹男孩,2017,2018-01-19,"家庭,剧情",113,81,英语,斯蒂芬·乔博斯基,R.J. Palacio,Who gives you the courage to face the world?,10 岁的奥古斯特天生脸部畸形，此前一直在家中和妈妈自学。这是他第一天上公共学校，他不寻常的外表让他成为同学讨论的焦点。终日受到嘲笑和排斥的奥古斯特尽自己最大的努力在这残忍的环境中生存，就连好不容易交到的新朋友也似乎不太值得信任。当班上的恶霸 Julian 将他锁定为霸凌目标后，奥古斯特萌生了退学的念头。但就在此时，一个善良又美丽的女同学与他交好，帮助他走出困难。前路漫漫，奥古斯特必须向周遭的人证明，与他善良、聪敏、勇敢的心灵相比，外表一点也不重要。
焦土之城,2010,2010-09-17,"剧情,战争,悬疑",130,81,法语,丹尼斯·维伦纽瓦,瓦莱丽·博格朗-相宾,搜寻由母亲的意愿而展开,双胞胎姐弟珍妮（梅丽莎·德索蒙斯-波林 Mélissa Désormeaux-Poulin 饰）跟西蒙（马克西姆·高德特 Maxim Gaudette 饰）收到过世的母亲娜瓦尔（卢布娜·阿扎宝 Lubna Azabal 饰）的遗嘱，可当宣读完内容之后，两姐弟却一时难以接受这样的遗嘱：一份是写给他们从未蒙面的父亲；一份是写给她的第三个孩子——他们更是不知道这个哥哥的存在。影片巧妙的游走在两个不同的时空：母亲终其一生苦苦寻觅自己的长子；姐弟遵循母亲的遗嘱前往中东寻找他们的父亲与兄长。可越是穷其究竟，他们面对的越是理不清的头绪跟令人震惊的真相。本片改编自加拿大著名法语作家瓦基迪·穆阿瓦德的同名剧作。导演丹尼斯·维伦纽瓦荣获第83届奥斯卡金像奖最佳外语片提名。
姥姥的外孙,2024,2024-08-17,剧情,127,81,泰语,帕特·波尼蒂帕特,汤萨蓬·逖提拿坎,真金“唤”真情,出身泰国华人家庭的无业年轻人阿安（马群耀 饰）看到堂妹因照顾病重的爷爷而继承房产后，也对身患绝症的姥姥（乌萨·萨梅坎姆 饰）动了心思，计划复刻堂妹的“致富之路”获取百万遗产。但面对同样“努力”的舅舅们和挑剔毒舌的姥姥，阿安这条争当全职孝孙的“啃姥致富”之路似乎没有他预想的那么顺利……
燃烧女子的肖像,2019,2019-09-18,"剧情,爱情",120,81,法语,瑟琳·席安玛,,Don't regret. Remember.,在十八世纪奢华浪漫的背景下，画家与她的模特之间，激情悄然酝酿，直至两人共同营造一个能容其短暂盛放的天地。本片出自当代法国影坛最受瞩目的作者导演之一——瑟琳·席安玛之手。玛丽安受秘密委派，来到一座与世隔绝的海边庄园，她必须通过暗中观察，为抗拒包办婚姻的埃洛伊兹画成一幅婚礼肖像。在精妙的张力中展开的，是一场持久目光的交汇。两位女性逐渐以醉人的亲密，熟知了彼此的举止、表情与身体，最终缔结了一段颠覆性的创作同盟，以及一场炽热的爱恋。怀抱着一种几乎超越时空的渴望，本片深掘了在一个没有男性的世界里，当女性可以自由共同生活、彼此凝视时，所迸发的情感与艺术可能。
"“The Shorts” by Aldo, Giovanni and Giacomo",1996,1996-03-29,喜剧,130,81,意大利语,Arturo Brachetti,,简介,"I Corti (""Shorts"") by Aldo, Giovanni & Giacomo was the first stage show of the comedy trio, with the participation of Marina Massironi. It was recorded live at the Teatro Nuovo in Ferrara on 28 and 29 March 1996. Produced by Agidi, with the theatre direction of Arturo Brachetti."
潜行者,1979,1979-05-25,"科幻,剧情",163,81,俄语,安德烈·塔可夫斯基,阿尔卡季·斯特鲁加茨基,没必要说话。你必须......集中精神，回忆你所有的前世。当一个人想起过去时，他会变得更善良。,安德烈·塔可夫斯基在苏联时期的最后一部作品，是一次穿越神秘后末日景观的形而上学旅程，亦是一场独一无二的精妙观影体验。受雇的向导——“潜行者”——带领一位作家和一位教授深入“区”的核心地带，这个长期封闭的灾难禁区中，三人最终逼近了传说中的“房间”：一个据称能实现人内心深处最隐秘愿望的地方。改编自阿尔卡季与鲍里斯·斯特鲁加茨基兄弟的科幻小说，塔可夫斯基以丰富的物质细节和有机的氛围感，构建出一个沉浸式的世界。作为一则宗教寓言、对当时政治焦虑的反思，亦或是对电影本身的冥想——本片通过展开多重可能的意涵，将观众全然包围。[标准收藏]
囚徒,2013,2013-09-20,"剧情,惊悚,犯罪",153,81,英语,丹尼斯·维伦纽瓦,亚伦·格兹考斯基,每一刻都至关重要。,为了自己孩子的性命你会做到哪一步？凯勒.多佛 面对的是每个父母最恐惧的恶梦。他六岁的女儿安娜和小玩伴祖儿一起失踪了。唯一的线索是早前停在他家附近的一辆休闲车。在调查中，警探洛基 逮捕了这辆车的车主亚历克斯.琼斯，但因为缺乏证据而不得不放了他。 想到自己的孩子身处险境，急疯了的多佛决定靠自己。这位绝望的父亲决定不顾一切找到失踪的小女生们，但在找寻女儿的过程中，他渐渐迷失了自己，从而引出一个问题：寻求正义是不是可以超越法治？
狩猎,2012,2012-09-24,剧情,115,81,丹麦语,托马斯·温特伯格,托比亚斯·林德霍尔姆,The lie is spreading.,刚刚和妻子离婚的卢卡斯目前在一家托儿所工作，心地善良个性温和的他很快就受到了同事和孩子们的喜爱，其中，一个名叫卡拉的早熟女孩对卢卡斯尤为的亲近。面对女孩幼稚 而单纯的示好，卢卡斯只能婉转的拒绝，可令他没有想到的是，这一举动将他的生活推向了风口浪尖。
两杆大烟枪,1998,1998-08-28,"喜剧,犯罪",105,81,英语,盖·里奇,,到处都是罪犯的耻辱。,艾迪（尼克·莫伦）思维敏捷，是个玩牌高手。在三个好友的支持下，艾迪携巨资参加了黑社会的高额赌局，不想落入圈套，欠下50万的赌债。为了还清赌债，艾迪和朋友们绞尽脑汁，最终算计到一群毒贩身上，并为打劫购买了两杆老式烟枪。不想这群不安分的毒贩，正惦念着他们毒品供应商的钱，并在同一天实施了打劫。在毒贩们费劲周折，把毒品供应商熨的整整齐齐的钱款拿到手后，艾迪他们幸运的坐享其成。可是他们不知道，这看似简单的抢劫案背后，更有厉害的角色参与其中。他们手里的两杆破烟枪也隐藏着不少故事。在无知与莽撞中置身漩涡的他们能侥幸脱身么？笑料迭出的偶发事件里，穿插着小人物与大人物的辛酸幽默。
困在时间里的父亲,2020,2021-06-18,剧情,97,81,英语,弗洛里安·泽勒,克里斯托弗·汉普顿,简介,安东尼现年八十岁，性情淘气，倔强地独自生活，屡屡拒绝女儿安妮苦心为他安排的各种看护。然而安妮也逐渐力不从心——她无法再每日探望，而父亲对现实的感知正逐渐瓦解。随着记忆的潮汐涨落，安东尼还能抓住多少关于自我与过去的痕迹？当父亲依然在眼前呼吸存活，安妮又该如何面对这份正在逝去的亲情？
德州巴黎,1984,2024-07-28,剧情,147,81,英语,维姆·文德斯,基特·卡森,梦想启航之地。心碎疗愈之所。重拾碎片之处。,德国新电影先驱维姆·文德斯将他敏锐的风景观察力投向美国西南部，创作出这部由普利策奖获奖剧作家萨姆·谢泼德编剧、感人至深的角色研究。影片追踪沉默寡言的神秘流浪汉特拉维斯（演技精湛的哈利·迪恩·斯坦顿通 饰，他的面孔本身就是一片风景）试图与寄居洛杉矶弟弟家的幼子以及失踪的妻子重建联系。从这简单的设定出发，文德斯与谢泼德对男性气质的准则与美国家庭神话进行了有力的论述，同时也展开了一场对峡谷与霓虹构成的广阔而破碎世界的精致视觉探索。[标准收藏]
心灵奇旅,2020,2020-12-25,"动画,家庭,喜剧,奇幻,剧情,音乐",101,81,英语,皮特·多克特,肯普·鲍尔斯,如果有个地方能改变命运，你是否愿意一键重启人生？,乔·加德纳是一位中学乐队老师，他获得了毕生难逢的机会——在纽约最好的爵士俱乐部演奏。但一次小小的失误将他从纽约街头带到了一个奇幻之境“生之来处”。这是一个新生灵魂在前往地球之前获得个性、怪癖和兴趣的地方。决心重返自己生活的乔，与一个名叫22的早熟灵魂结成了伙伴。22始终无法理解人类生活的吸引力。当乔拼命试图向22展示生命的精彩之处时，他或许也将发现一些关于生命最重要问题的答案。
辉夜姬物语,2013,2014-06-02,"动画,剧情,奇幻",137,81,日语,高畑勋,坂口理子,公主的罪与罚,一位老竹匠与妻子在发光的竹茎中发现微小女婴，她迅速长成秀丽的少女。这位神秘的年轻公主令所有遇见她的人着迷——但最终必须直面其命运，承担罪责的惩罚。[Gkids]
猫猫的奇幻漂流,2024,2025-02-28,"动画,冒险,奇幻,家庭",85,81,拉脱维亚语,金兹·兹巴洛迪斯,马蒂斯·卡扎,只要有猫在，就没什么好怕的！,这是一段关于友谊与生存的动人篇章，将独立动画的创作雄心与想象力推至令人惊叹的高度。这部荣获奥斯卡奖、风靡全球的作品，讲述了一只勇敢的猫在家园被大洪水摧毁后的故事。它与一只水豚、一只狐猴、一只小鸟和一只小狗结伴，共同驾驶小船寻找陆地。在这颗已然化为水世界的星球上，它们必须凭借信任、勇气与智慧渡过重重险境。凭借开源软件与小团队协作，富有远见的独立动画师金茨·齐尔巴洛迪斯营造了一场绝妙的感官之旅，深刻沉思了环境的脆弱与社群精神的真谛。
请以你的名字呼唤我,2017,2017-11-24,"爱情,剧情",132,81,英语,卢卡·瓜达尼诺,André Aciman,请以你的名字呼唤我 我亦将如此,在八十年代的意大利里维埃拉，每年夏天，十七岁的少年埃利奥都会跟家人在这里。今年，和他们共享假日时光的，还有来自美国的奥利弗，高大英俊热情开朗的奥利弗很快就获得了埃利奥一家人的喜爱。随着时间的推移，埃利奥和奥利弗之间渐渐产生了致命的吸引力，但性别和年龄的桎梏让他们迟迟无法跨出那关键的一步，与此同时，单纯善良的少女马奇娅也向埃利奥奉献着自己的感情和身体。最终，汹涌的激情冲破了埃利奥和奥利弗之间的防线，两人开始了一段注定不会有结果的恋情。
双重赔偿,1944,1944-07-06,"犯罪,惊悚",107,81,英语,比利·怀尔德,James M. Cain,It's love and murder at first sight!,可曾有过如此犀利的台词对白？可曾有过芭芭拉·斯坦威克这般摄人心魄的蛇蝎美人？可曾见过1940年代洛杉矶如此魅惑而腐朽的容颜？导演比利·怀尔德与编剧雷蒙德·钱德勒携手，将詹姆斯·M·凯恩的通俗小说化作黑色电影宿命论的终极典范，凭此跻身好莱坞顶级导演之列。当油滑的保险销售员沃尔特·内夫踏进家庭主妇菲利斯·迪特里希森奢华的宅邸，本意推销保险的他，却卷入了远比保单危险的致命阴谋。爱德华·G·罗宾逊抢尽风头的配角演出，加上摄影师约翰·F·塞茨精心雕琢的光影构图，共同造就这部影史最令人酣畅淋漓的黑色经典，树立了后世所有黑色电影难以逾越的标尺。[标准收藏]
扎克·施奈德版正义联盟,2021,2021-05-03,"动作,冒险,奇幻",242,81,英语,扎克·施奈德,克里斯·特里奥,正义再次集结,为了确保超人没有白白牺牲，蝙蝠侠和神奇女侠计划招募一支超人类团队来保护世界。这项任务比布鲁斯的设想要困难得多，因为每个新人都必须面对并跨越自己过去的心魔，团结起来，最终形成前所未有的联盟，否则就无法阻止从荒原狼、狄萨德和达克赛德毁灭地球。
大都会,1927,2011-06-18,"剧情,科幻",153,81,德语,弗里茨·朗,特娅·冯·哈堡,只有通过心灵的桥梁，双手与头脑之间才能达成真正的理解。,这部1927年的鸿篇巨制或许堪称默片时代的巅峰成就，弗里茨·朗将二十年代通俗小说狂热的叙事节奏，与自身对人性幽暗面的深刻洞察熔铸一体。
黑色五叶草：魔法帝之剑,2023,2023-06-16,"动画,奇幻,动作,冒险",113,81,日语,种村绫隆,Johnny Onda,When the legend revives... The kingdom will fall.,这部电影将由原著漫画作者田畠裕基担任监制，讲述原作中并未透露的魔法帝的故事。在一个魔法主宰万物的世界里，生来就没有魔法的男孩亚斯塔立志成为“魔法帝”，以克服逆境，证明自己的力量，并遵守与朋友们的约定。
花样年华,2000,2025-02-14,"剧情,爱情",99,81,汉语,王家卫,刘以鬯,感受这份炽热，让激情持续燃烧，任感官尽情迸发。,一九六二年的香港：周慕云与苏丽珍在同一天搬进相邻的公寓。他们的相遇起初保持着得体与疏离——直到发现各自配偶的秘密，一种亲密的情愫悄然滋生。王家卫的本片既含蓄典雅又视觉绚烂，精湛地勾勒出浪漫渴望与易逝的瞬间。在悸动的配乐、以及杜可风与李屏宾极致抽象的摄影美学中，这部电影成为过去二十年影坛的重要风格标杆，亦是王家卫璀璨生涯的一座里程碑。[标准收藏]
暖暖内含光,2004,2024-04-18,"科幻,剧情,爱情",108,81,英语,米歇尔·贡德里,查尔斯·考夫曼,我已经忘了过去对你的感觉,乔尔震惊地发现女友克莱门汀竟将他们激烈感情的记忆全部删除。绝望之下，他联系了该技术的发明者霍华德博士，要求将克莱门汀从自己记忆中抹去。然而随着记忆逐渐消失，乔尔开始重新发现对克莱门汀的爱。[Focus Features]
用心棒,1961,1961-04-25,"剧情,惊悚",110,81,日语,黑泽明,菊岛隆三,杀一人或百人...终归只上一次绞架,无与伦比的三船敏郎在黑泽明这部视觉震撼、充满黑色幽默的影片中担纲主演。为扫清一座被恐怖笼罩的村庄里的腐败势力，足智多谋的浪人武士三十郎巧妙利用两个邪恶家族间的势力争斗，将局势导向对自己有利的方向。本片先后被塞尔吉奥·莱奥内与沃尔特·希尔翻拍，这部酣畅淋漓的类型颠覆之作，至今仍是影史上最具影响力且娱乐性极强的经典之一。[标准收藏公司]
奇迹少女 纽约篇,2020,2020-09-26,"动画,家庭,动作,冒险",61,81,法语,托马斯·阿斯特鲁克,Matthieu Choquet,New city. Same duty.,马丽娜是住在现代法国的巴黎少女，因为一次善举获得神秘老人的认可，得到了能变身为超级英雄奇迹少女的力量。同样获得变身能力的还有马丽娜的同班同学艾俊，他是知名设计师之子，因家庭过度保护长期在家自学，第一天上学却阴错阳差使马丽娜误会其恶作剧。双方在不知道对方真实身份的情况下，以奇迹少女及黑猫罗尔之名义拯救被黑化的巴黎市民，而艾俊对马丽娜澄清恶作剧一事后，艾俊温文的风度使得马丽娜开始想和他交朋友，一见艾俊便手足无措，但是艾俊却崇拜上智勇双全的奇迹少女，以黑猫黑尔的身份几度示爱，都被心有所属的马丽娜拒绝。两人面临的挑战除了爱情问题，还有在巴黎制造混乱的邪恶反派。
HOMECOMING: A film by Beyoncé,2019,2019-04-17,"纪录,音乐",137,81,英语,碧昂丝,,简介,碧昂丝柯契拉(Coachella)音乐节纪录片[归家：碧昂丝作品](Homecoming: A Film By Beyoncé，暂译)首曝繁体中字预告！该片将记录碧昂丝在柯契拉(Coachella)音乐节的台前幕后。影片将于4月17日登陆Netflix
地球公民,2005,2005-09-24,纪录,95,81,英语,Shaun Monson,,《地球公民》是由Shaun Monson自编自导的记录片，杰昆·菲尼克斯、Maggie Q等参与演出。该片从宠物，食物，衣物，娱乐，科学五个部分系统全面地揭露了当今人类是如何大规模地屠杀和虐待动物的故事。,本片从包括肉食、鱼、蛋类和奶制品等的畜牧业，包括皮革和皮草等的服装，包括马戏团、体育、动物园等的娱乐动物，伴侣动物，试验动物等全面地揭露了当今人类是如何大规模地屠杀和虐待动物。影片让观众看到，我们这个星球已经成为了一个巨大的屠宰场，人类已经堕落到何等残忍和无知的境地而不自觉。对于动物来说，地球如同地狱。
真人快打传奇：蝎子的复仇,2020,2020-04-12,"动画,动作,奇幻",80,81,英语,Ethan Spaulding,Jeremy Adams,Extreme violence. Bad language. And a bloody good time.,聚焦了异世界和地球之间的千载难逢的比赛，这场比赛将最终决定地球和人类所有的公民的命运。地球保护者雷电必须聚集其领域最伟大的战士，以从邪恶的尚宗手上保卫地球，从而结束所有战斗。
看不见的客人,2017,2017-09-15,"剧情,悬疑,惊悚",107,81,西班牙语,奥里奥尔·保罗,,"Every story has two sides. The truth, only one.",艾德里安（马里奥·卡萨斯 Mario Casas 饰）经营着一间科技公司，事业蒸蒸日上，家中有美丽贤惠的妻子和活泼可爱的女儿，事业家庭双丰收的他是旁人羡慕的对象。然而，野心勃勃的艾德里安并未珍惜眼前来之不易的生活，一直以来，他和一位名叫劳拉（芭芭拉·蓝妮 Bárbara Lennie 饰）的女摄影师保持着肉体关系。某日幽会过后，两人驱车离开别墅，却在路上发生了车祸，为了掩盖事件的真相，两人决定将在车祸中死去的青年丹尼尔联同他的车一起沉入湖底。之后，劳拉遇见了一位善良的老人，老人将劳拉坏掉的车拉回家中修理，然而，令劳拉没有想到的是，这位老人，竟然就是丹尼尔的父亲。
圣母街上的大人物,1958,1958-07-26,"喜剧,犯罪",106,81,意大利语,Mario Monicelli,艾根诺尔·因克鲁西,The Story of a Perfect Crime ... Perfectly Hilarious!,这是《男人的争斗》（Rififi）的搞笑版。两个小偷带领一群小混混进行一个宏伟的偷盗计划。他们打算从一处公寓挖一个地道，进入附近一家商店，结果地道挖进了公寓的另一个房间，这只是一个小差错。反正这群笨贼该犯的错全犯了，而那个要偷的保险箱似乎唾手可得，但他们就是没本事得手。
热情如火,1959,2016-04-16,"喜剧,爱情,犯罪",120,81,英语,比利·怀尔德,I. A. L. Diamond,The movie too HOT for words!,作为影史最受喜爱的电影之一，比利·怀尔德这部炙手可热的杰作为好莱坞喜剧树立了新标杆。芝加哥乐手乔与杰瑞（托尼·柯蒂斯与杰克·莱蒙贡献了里程碑式的表演）目睹一场黑帮屠杀后，男扮女装混入一支前往迈阿密的女子乐队仓皇逃逸。乐队主唱“蜜糖”凯恩（玛丽莲·梦露正值其致命魅力的巅峰）的魅力使他们陷入越来越夸张的谎言漩涡：乔伪装成百万富翁追求她，而杰瑞的女性身份竟与一位亿万富翁订下婚约。凭借怀尔德与I·A·L·戴蒙德精心打磨的犀利剧本，以及演员间精准碰撞的化学反应，本片至今仍保持着数十年前首次震撼观众时那种令人陶醉的诙谐与鲜活。[标准收藏]
野草莓,1957,1957-12-26,剧情,91,81,瑞典语,英格玛·伯格曼,,简介,为接受荣誉学位踏上旅程的伊萨克·博格教授——由资深电影人兼演员维克多·斯约斯特洛姆精湛演绎——被迫直面过往，与自身缺陷和解，并坦然接受生命终将逝去的必然。通过回溯与幻想、梦境与梦魇的交织，本片戏剧化地呈现了一位老者非凡的自我发现之旅。这部充满标志性意象、富含人性关怀的杰作，是英格玛·伯格曼最受赞誉、最具影响力的电影之一。[标准收藏公司]
怒火青春,1995,1995-05-31,剧情,98,81,法语,马蒂厄·卡索维茨,,"How far you fall doesn't matter, it's how you land…",影片以1993年在巴黎18区发生的一起警察暴力的真实事件为背景：一名警察在巡逻期间枪杀了一名17岁的扎伊尔少年Makomé M'Bowolé。而在影片当中，巴黎街头，一群反政府青年。纠纷由其中一人被警察殴打重伤而起，众人怀恨在心。文兹（文森特·卡塞尔 Vincent Cassel饰）弄到一把真枪，决心还以颜色。他们的仇恨与愤怒随处可见，这场与警察之间的大规模冲突，一触即发。混战中，文兹被警察开枪打死，他的同党也颤抖着对准了警察的头，枪声响起……无论是警察还是街头混混，每个人都失去了控制。这青春期里的不安与躁动，就像失控的怒火一般，无人幸免。 导演马修·卡索维茨荣获第48届戛纳电影节(1995)主竞赛单元最佳导演奖。
从海底出击,1981,1981-09-17,"剧情,历史,战争",200,81,德语,沃尔夫冈·彼得森,洛塔尔·G·布赫海姆,On land they dreamed of being heroes. Beneath the sea they pray to be survivors.,1942年，德国潜艇舰队深陷所谓的“大西洋战役”，旨在袭扰并摧毁英国航运。然而，随着驱逐舰级护航力量的加强，德国U型潜艇开始遭受重创。本片讲述了一艘U型潜艇船员的故事，聚焦这些潜艇兵如何保持军人职业素养，执行近乎不可能的任务，同时始终试图理解并服从他们所效忠的政府意识形态。[索尼影业]
你给的仇恨,2018,2018-10-19,"犯罪,剧情",132,81,英语,小乔治·蒂尔曼,Angie Thomas,Two worlds. One voice. No going back.,基于Angela Thomas所著同名小说，聚焦种族问题和警察暴行。  16岁黑人女主角Starr Carter某天晚上去参加派对，遇到了儿时最好的朋友Khalil，派对之后后者载她回家，两人在路上被一个警察拦下，Khalil被迫下车，随后警察朝徒手的Khalil开枪。此事很快成为全国头条，Khalil被描述为“暴徒、毒贩”，而警察似乎并没有多大兴趣展开调查。 一群抗议者走上街头，将Starr居住的街区变为了战区，大家都尝试弄清楚到底发生了什么，而唯一知道真相的只有Starr，她做了很多采访试图还Khalil清白，她说的话将决定警察是进监狱还是被宣告无罪。
哈利·波特与死亡圣器（下）,2011,2011-08-04,"冒险,奇幻",130,81,英语,大卫·叶茨,J·K·罗琳,一切终将结束,在这部史诗终章的第二部分，魔法世界正邪双方的对决升级为全面战争。危机已达空前高度，无人能保证安全。然而，当哈利·波特逐步逼近与伏地魔的终极对决时，他可能被迫作出最后的牺牲。一切在此终结。[华纳兄弟影业]
还有明天,2023,2025-03-08,"剧情,喜剧,历史",118,81,意大利语,保拉·科泰莱西,富里奥·安德烈奥蒂,简介,1946年5月的罗马被二战留下的贫困、街头游荡的盟军民兵，以及6月2日至3日的国体公投所激发的变革愿望撕裂。女主角迪莉娅是虐待狂伊万诺的妻子，也是三个孩子的母亲，其中包括十几岁的玛塞拉。在处理家庭事务的间隙，她照顾闷闷不乐的岳父奥托里诺，偶尔还要去城里的一些商店打工。这个女人在这艰难的生活中也有几个盟友：爱她的机械师尼诺；玛丽莎，一位机智乐观的朋友；还有威廉，想要帮助她的非裔美国士兵。迪莉娅的生活被玛塞拉与朱利奥的订婚打乱。朱利奥来自一个富裕的家庭，他们的收入主要源于经营的酒吧。然而迪莉娅很快意识到，若红事确定，她的女儿将走向与她相似的痛苦婚姻。因此，在威廉的帮助下，她设法炸毁了准女婿的酒吧，迫使他们家离开罗马。尽管马塞拉陷入绝望，但迪莉娅知道她做了正确的事。在邮寄给她的第一张选民卡的鼓励下，她决心反击。6月2日，决定国家命运的时刻到来。迪莉娅想要参加，并找借口逃离丈夫，但岳父却突然去世。好在这并未阻碍她作为女性第一次参与投票。可她丢失的选民卡却接二连三被丈夫和绝望中的女儿找到。她必须在其中周旋，确保能为自己、孩子和国家的未来做出正确的选择。
白蛇2：青蛇劫起,2021,2021-07-23,"动画,奇幻,动作,冒险",131,81,汉语,黄家康,大毛,Dependence arises from the previous life.,南宋末年，小白为救许仙水漫金山，终被法海压在雷峰塔下。小青则意外被法海打入诡异的修罗城幻境。几次危机中小青被神秘蒙面少年所救，小青带着出去救出小白的执念历经劫难与成长，同蒙面少年一起寻找离开的办法。
彗星美人,1950,1950-11-09,剧情,138,81,英语,Joseph L. Mankiewicz,,It's all about women... and their men!,在约瑟夫·L·曼凯维茨这部犀利机智与妙语连珠的好莱坞经典中，舞台后方才是真实戏剧上演之处。一夜，玛戈·钱宁在化妆间接待了一位不速之客——她最狂热的崇拜者，那位羞怯而天真的伊芙·哈灵顿。然而当伊芙逐渐渗透进玛戈的生活，这位百老汇传奇很快意识到，这位所谓的仰慕者正企图利用她与身边所有人——包括乔治·桑德斯饰演的毒舌评论家——作为自己迈向星途的垫脚石。凭借曼凯维茨如手术刀般锋利的对白与执导，以及戴维斯凭此片重振并定义其演艺生涯的难忘表演，这部荣获多项奥斯卡奖的影片，成为影史对演艺界残酷法则最精妙绝伦的无情剖析。[标准收藏]
蓦然回首,2024,2024-10-26,"动画,剧情",75,81,日语,押山清高,,Manga drew them together. Life made them best friends.,藤野是一名小学四年级学生，她在校报上连载的四格漫画专栏获得了同学们的一致好评。然而某天她的老师却突然告诉她，逃学的京本想在报纸上刊登自己的漫画。两个女孩对漫画的共同热情让她们走到了一起，直到有一天，某件事的发生打破了这一切，一个令人揪心的成长故事就此展开。
血色将至,2007,2008-06-14,剧情,158,81,英语,保罗·托马斯·安德森,厄普顿·辛克莱,21世纪最好的电影,当丹尼尔·普莱恩维尤得知西部有个小镇正涌出石油如海的隐秘消息后，便带着儿子H.W.前往尘沙蔽日的小波士顿碰运气。在这片贫瘠土地上，唯一的喧腾围绕着魅力非凡的牧师以利·桑迪所主持的圣滚教教堂。普莱恩维尤父子虽幸运地挖出了油井，但随着财富喷涌，冲突亦日益加剧——爱、希望、信仰、野心、社区纽带，甚至父子亲情，所有人性价值都在腐败、欺骗与石油洪流的冲刷下面临崩解。[派拉蒙优势]
大战争,1959,1959-10-28,"喜剧,战争,剧情",137,81,意大利语,Mario Monicelli,卢西亚诺·文森佐尼,The great battle spectacle of our time!,两个意大利士兵被卷入第一次世界大战，他们很想逃脱战争的阴霾，想了很多办法，但是现实无情，总是把他们推到荒唐而危险的境况中。在一次次偷懒成功后，他们却目睹着一次次战友们血肉模糊的战场惨状。终于一个亡故战友的妻子令两人的思想有了变化，在一次对敌行动被俘后两人被处死，但他们的长官却还以为他们照旧做了逃兵。
家门之外,2021,2021-11-24,"动画,家庭",7,81,英语,Natalie Nourigat,,Experience the bonds of family,做家长很难，尤其是一只年幼浣熊有好奇心时，他的家长努力确保大家的安全。在华特迪士尼动画制作室的短片《家门之外》中，这只年轻的浣熊学会以开放的心态生活，即使潜伏着危险。
街角的商店,1940,1940-01-12,"喜剧,剧情,爱情",99,81,英语,恩斯特·刘别谦,萨姆森·拉斐尔森,EVERY GIRL OR FELLOW WHO EVER KEPT A “BLIND DATE”,一家礼品店的两名店员在工作中水火不容，却浑然不知彼此正是对方那位渐生情愫的匿名笔友。
山椒大夫,1954,1954-03-31,剧情,124,81,日语,沟口健二,八寻不二,"Without mercy, man is like a beast.",当一位理想主义的官员违抗了当权的封建领主，他便遭流放，其妻儿只能自谋生路，并最终被恶毒的奴隶贩子强行拆散。在沟口健二璀璨夺目的执导下，这个经典的日本故事成为了电影史上最伟大的杰作之一，它是一部纪念碑式的、充满同理心的史诗，深刻表达了人类在邪恶面前的坚韧精神。[标准收藏]
怪形,1982,1982-06-25,"恐怖,悬疑,科幻",109,81,英语,约翰·卡朋特,小约翰·W·坎贝尔,Anytime. Anywhere. Anyone.,1982年冬天，挪威科考队的一架直升机突然打破了南极大陆的平静，直升机疯狂的追逐一只雪橇犬，最后坠毁在美国科考营地的附近。美国科考队员对挪威考察队近期人员骤减的情况有所耳闻，于是飞行员麦克（Kurt Russell 饰）与众人赶赴挪威营地，结果看到的是一地破败中四处散落着奇怪的尸体，并有证据表明挪威人得到了某种冰封状态中的生物。医生布莱尔（Wilford Brimley 饰）研究了尸体的变异却无法破解成因。当晚，犬笼中的狗遭到袭击并发生了变异，一种不可知的生物正在这孤寂的南极大陆威胁着科考队员们的生命……
紫罗兰永恒花园外传：永远与自动手记人偶,2019,2020-01-10,"剧情,奇幻,动画",91,81,日语,藤田春香,晓佳奈,我生活一片荒芜，唯一的珍宝，或许只有...,作为“战争机器”长大的女主人公薇尔莉特·伊芙加登，在战争中失去双臂，并与收养她的少佐分离，在装上义肢后，成为邮政公司一名从事代写书信工作的 “自动手记人偶”。在车马缓慢、只能以信件传递感情的年代里，“自动手记人偶”通过与委托人接触交流，代写书信，以优美准确的文字传递着人们最为真挚的感情。外传的故事中，薇尔莉特·伊芙加登接到了一桩特殊的委托工作……
K-Pop 猎魔女团,2025,2025-06-20,"奇幻,音乐,喜剧,动画",96,81,英语,Maggie Kang,Chris Appelhans,They sing. They dance. They battle demons.,Kpop 超级明星鲁米、米拉和佐伊如果不是在座无虚席的体育场举办演唱会，就是在利用自己的秘密身份 — 强悍的恶魔猎人 — 保护粉丝们免受无处不在的超自然威胁。她们必须共同面对迄今为止最强大的敌人：一支魅力难挡、由恶魔伪装的男团组合。
神秘博士：博士之时,2013,2013-12-25,"剧情,科幻",60,81,英语,Jamie Payne,史蒂文·莫法特,A change is going to come...,宇宙中最邪恶的物种都被一条神秘的消息吸引来到一座宁静的星球小镇：圣诞。博士和他的朋友们必须要破解出这条信息，因为博士的命运与整个宇宙的命运都握在其中。
天佑鲍比,2009,2009-02-27,"剧情,历史",89,81,英语,拉塞尔·穆卡希,凯蒂·福特,She loves everything about her son...except who he is.,本片根据真人真事改编。Bobby（瑞恩·凯利 Ryan Kelley 饰）是一个善良、虔诚的少年，有爱他的家人。但在他向家人坦白自己的性倾向后一切改变了。母亲Mary（西格妮·韦弗 Sigourney Weaver 饰）认为同性恋会下地狱的训诫，想尽办法矫正儿子。而Bobby的痛苦与日俱增。在满20岁生日前Bobby认识了开朗青年David，可Mary拒绝接受，并以有一个同性恋儿子为耻。Bobby伤心的离开家最后选择死亡来结束内心的折磨。他的死彻底唤醒了家人，尤其是Mary，她在无尽的悔恨中开始接触同性恋人群，参加PFLAG小组，与神职人员探讨圣经解释。在翻阅儿子的日记后，她开始直面自己认同儿子。失去儿子的母亲在倾盆大雨中失声痛哭，雨水和泪水将固执、偏见和不理解洗刷得一干二净。Mary此后将毕生投入到同志维权事业中，帮助那些和Bobby一样的少年。
天堂的孩子,1945,1945-03-22,"剧情,爱情",190,81,法语,Marcel Carné,Jacques Prévert,AT LAST! The Celebrated French Film.,这部被公认为法国影史瑰宝的杰作，将诗意现实主义推向了至臻之境。影片以灵动的笔触描绘十九世纪巴黎剧场风月界，在二战期间拍摄完成。故事围绕一位神秘女子展开，她被四个基于历史原型创作的男人所爱慕：一位演员、一名罪犯、一位伯爵，以及最令人心碎的角色——用浸透世代渴慕的表演撼动心灵的哑剧艺人。导演马塞尔·卡尔内与编剧雅克·普莱维尔以敏锐的洞察与戏剧激情，重现了这个充斥着江湖骗子与贵族、盗贼与名伶、掮客与先知的浮世绘。[标准收藏公司]
龙猫,1988,2018-12-14,"奇幻,动画,家庭",86,81,日语,宫崎骏,,让我们去见龙猫吧,小月的母亲生病住院了，父亲带着她与四岁的妹妹小梅到乡间的居住。她们对那里的环境都感到十分新奇，也发现了很多有趣的事情。她们遇到了很多小精灵，她们来到属于她们的环境中，看到了她们世界中很多的奇怪事物，更与一只大大胖胖的龙猫成为了朋友。龙猫与小精灵们利用他们的神奇力量，为小月与妹妹带来了很多神奇的景观，令她们大开眼界。
三块广告牌,2017,2018-03-02,"犯罪,剧情",115,81,英语,马丁·麦克唐纳,,简介,本片是奥斯卡奖提名者马丁·麦克唐纳执导的一部黑色喜剧犯罪剧情片。在女儿遇害案悬置数月仍未破获后，米尔德丽德·海斯采取了一项大胆之举：她租下通往小镇路上的三块广告牌，牌上直指当地德高望重的警察局长比尔·威洛比的尖锐标语掀起轩然大波。而当威洛比麾下警员杰森·迪克森——一个沉迷酒精与暴力的不成熟妈宝男——卷入冲突后，米尔德丽德与埃宾镇执法部门之间的对抗愈演愈烈。[福克斯探照灯影业]
M就是凶手,1931,1931-05-11,"剧情,惊悚,犯罪",110,81,德语,弗里茨·朗,特娅·冯·哈堡,Who is the murderer?,柏林这些天连续发生了多起小女孩失踪事件，最后发现这些孩子都无一例外惨遭毒手。这个专门以小女孩为目标的凶手令到柏林城内人人惊恐，家长都不敢让自己的孩子外出玩耍；警察们更是在社会压力下全部出动，然而却一无所获；连黑道都感到压力了，因为警察们一天到晚找他们麻烦，大大影响了他们 的生意。于是黑白两道同时展开了抓拿凶手行动。 最终人们还是从一位卖气球的盲人小贩处获得线索，他曾经卖过气球给于凶手一同前来的小女孩，他根据凶手的口哨声认出了此人经常来买气球。聪明的小贩在凶手背后写了个字母“M”，于是警查们开始追寻这个凶手“M”（彼得•洛 Peter Lorre 饰）。
精英部队,2007,2008-06-14,"剧情,动作,犯罪",115,81,葡萄牙语,何塞·帕迪里亚,路易斯·爱德华多·苏亚雷斯,在里约的街上只有精英才能生存,时1997年，教皇即将来此视察，高层要求纳斯西蒙（Wagner Moura 饰）所率领的这支精英部队在最短时间内肃清贫民窟内的毒品链。厌倦刀光血影的纳斯西蒙将心思放在了妻子和尚未出世的婴儿身上，他将任务交给了两个热血且充满理想的年青人——内图（Caio Junqueira 饰）和马提阿斯（André Ramiro 饰）。他们俩都不满警察队伍的腐败，决心在精英部队中大展身手……
婚姻生活,1974,1974-10-28,"剧情,爱情",169,81,瑞典语,英格玛·伯格曼,,简介,玛丽是律师，约翰是精神学讲师，二人结婚十余载，最初像一对恩爱的中产夫妻，与互相折磨的另一对夫妻成强烈对比。但后来他们自己的婚姻也出现了危机，各自分开发展。当他们再见面时，两人都惊异于对方的从容自信。
活着,1994,1994-09-30,"剧情,爱情,战争",132,81,汉语,余华,张艺谋,简介,富少福贵（葛优 饰）嗜赌成性，妻子家珍（巩俐 饰）屡劝无果后带着女儿凤霞离开了他。当夜，福贵输光所有家产气死父亲，被迫靠变卖母亲首饰租间破屋过活。一年后，家珍手拉凤霞怀抱刚出世的儿子有庆回到家中，福贵痛改前非，开始靠演皮影戏过起安份守己的日子。但好景不常，内战时期，福贵被国民党抓去当劳工，一番辗转终回到家乡与一家人团圆后，凤霞因病变成哑巴，而在后来的大跃进和文革中，他虽获某些小福，逆境却也一直与他如影相随。
杀人回忆,2003,2003-04-25,"犯罪,剧情,惊悚",131,81,朝鲜语,奉俊昊,沈成宝,他们中最坏的会永远留给你...,在其突破性的第二部作品中，奉俊昊以颠覆性的手法引爆了警察类型片的传统桎梏，带来了震撼且超越类型的成果。影片基于1980年代撼动韩国乡村社区的一连串真实连环杀人案改编，韩国电影标志性人物宋康昊饰演当地警官，他不得不与一位老练的首尔侦探联手调查此案——两人由此踏上一段长达数年、充满挫败与煎熬的艰苦历程，逐渐被推向存在的边缘。奉俊昊将扣人心弦的刑侦过程与军权统治下日常生活的荒诞社会图景生动结合，打造了一次深入黑暗的萦心之旅：它始于黑色喜剧的讽刺，终于与深渊那场灵魂破碎的遭遇。[标准收藏]
新神榜：哪吒重生,2021,2021-02-06,"动画,奇幻,动作",116,81,汉语,赵霁,陆西星,Rebirth of a hero,三千年前，天下动荡，人神共遇大劫，不想哪吒的一缕魂魄逃脱天罗地网，世世转世投胎，这一世与东海市酷爱机车的热血青年李云祥人神共生。然而龙族对哪吒恩怨并未善罢甘休，有着哪吒元神的李云祥，亦无法逃脱被龙族赶尽杀绝的宿命。东海危在旦夕，李云祥是否能够与哪吒元神并肩作战，成为抵抗龙族的英雄？东海市的子民能否得到拯救？
一条狗的使命2,2019,2019-05-17,"家庭,冒险,剧情",108,81,英语,W·布鲁斯·卡梅隆,Gail Mancuso,一次新的旅程,小狗贝利延续使命，在主人伊森的嘱托下，通过不断的生命轮回， 执着守护伊森的孙女CJ，将伊森对孙女的爱与陪伴，当做最重要的使命和意义，最终帮助CJ收获幸福，再次回到主人伊森身边。
灿烂人生,2003,2003-06-22,"剧情,历史,爱情",367,81,意大利语,桑德罗·佩特拉利亚,斯特凡诺·鲁利,The Possibilities Were Endless...,这部跨越四十载（从动荡的1960年代直至当代）的澎湃史诗，跟随一对意大利兄弟穿越意大利近代史上最跌宕起伏的历史事件。[米拉麦克斯]
2001太空漫游,1968,2016-04-22,"科幻,悬疑,冒险",149,81,英语,斯坦利·库布里克,亚瑟·克拉克,终极之旅。,本片是一次通向未来的倒计时，一张指引人类命运的地图，一场对无限的求索。库布里克为开启这场未来之旅，先回溯至我们史前的猿类祖先时期，随即跨越数千年（通过电影史上一次极具震撼的跳接）来到已被殖民的太空，最终将宇航员鲍曼（凯尔·杜拉 饰）送入未知的星际领域，乃至可能抵达不朽之境。“打开分离舱门，哈尔。”让这场无与伦比、充满敬畏与奥秘的旅程就此启程。[华纳兄弟]
轮回,2011,2012-08-22,纪录,102,81,英语,罗恩·弗里克,马克·马吉德森,轮回,《轮回》是一场跨越25个国家的视觉之旅，Ron Fricke花费了5年之间捕捉每种文化中令人震撼的场面，试图建立人类与自然的桥梁。影片的名字“Samsara”来自藏语，Frricke希望借此诠释其独特的视觉风格。全片使用70mm胶片拍摄，才得以保证影像如此细腻丰富的质感 。Samsara是藏语，又叫做依业轮回，是表示生命流转循环的意思。编剧罗恩·弗里克和Mark Magidson用精彩的画面诠释了这一个深奥的词汇。揭示了大自然与我们生活的微妙关系。本片是曾以《天地玄黄》带来无言震撼的导演Ron Fricke时隔20年之后再出的新作。
我對你電影版：S先生的報仇,2020,2020-01-17,"家庭,奇幻",64,81,意大利语,Luigi Calagna,Sofia Scalia,简介,"A young couple who makes popular YouTube videos for children sets out to win an award, but an evil mastermind stands in the way of their success."
紫心之恋,2022,2022-07-29,"爱情,剧情",122,80,英语,伊丽莎白·艾伦·罗森鲍姆,丽兹·加西亚,简介,梦想成为音乐人的女孩和即将出征的海军陆战队员出于各自的需要同意形婚，但一场悲剧很快令他们虚假的关系变得真实起来。
傲慢与偏见,2005,2005-09-16,"剧情,爱情",129,80,英语,乔·赖特,简·奥斯汀,有时你最不愿与之相处的人，偏偏是你生命中不可或缺的存在。,根据简·奥斯汀同名小说改编。伊丽莎白·班纳特(凯拉·奈特丽 饰)出身于小地主家庭，有四个姐妹，母亲班纳特太太整天操心着为女儿物色称心如意的丈夫。新来的邻居宾格来先生和他的朋友达西（马修·麦克菲迪恩 饰）打破了她们一家人单调的乡村生活。宾格来和伊丽莎白的姐姐简·班纳特互生情愫；达西对善良聪明的伊丽莎白产生了好感，而伊丽莎白却对达西不可一世的傲慢心存偏见，不接受他的感情。然而，世事难料，宾格来和简·班纳特因为误会，关系危在旦夕；达西的种种作为，展示了性格中和伊丽莎白相同的善良一面，逐渐赢得了伊丽莎白的好感。两对有情人能否终成眷属？班纳特姐妹们能否得到自己想要的生活？
与神同行2：因与缘,2018,2018-08-01,"动作,冒险,奇幻,惊悚",141,80,朝鲜语,金容华,,Unveiling millennium-old secrets.,三位阴间使者江林（河正宇 饰）、解怨脉（朱智勋 饰）、德春（金香起 饰）即将带领第49位「贵人」金秀鸿（金东旭 饰）进行地狱审判，他们同时发现人间有一位家神（马东锡 饰），试图把早该阳寿已尽的老人强留人间。阴间使者为了带走该名老人，开始与家神展开激烈决斗，而在这个过程之中，三位阴间使者千年以前的前世之谜也将被一一揭开…
为美好的世界献上祝福！红传说,2019,2019-08-30,"动画,冒险,喜剧,奇幻",90,80,日语,金崎贵臣,晓夏目,We will definitely return alive. Go back to that place.,本应由于交通事故（!?）导致人生轻易闭幕的游戏迷家里蹲·佐藤和真，事出偶然地带着女神·阿库娅转生到了异世界。“在如同RPG游戏一样的异世界，享受憧憬已久的冒险者生活！目标是勇者！”像这样兴奋了还没多久，转生而来的和真就尽是遇到倒霉的事情。 麻烦制造机废柴女神·阿库娅，重度中二病魔法使·惠惠，妄想停不下来的女骑士·达克妮丝，和真与空有高超能力值却无比残念的这3人组队，欠下一屁股债，涉嫌颠覆国家罪而遭到审判，讨伐魔王军干部，偶尔还会死一死……  这样的某一天，突然跑来的红魔族少女·悠悠的一句爆炸性发言，让和真等人当场石化。“我想要和真先生的孩子！”问明原因，原来惠惠和悠悠的故乡“红魔之里” 目前正濒临灭亡的危机。追在出发前去拯救村落的悠悠后面，和真等人向着红魔之里出发，但——！？向和真小队袭来的最大危机！平凡的冒险者和真度过的异世界生活，未来究竟会怎样！？
象人,1980,1980-10-10,"剧情,历史",124,80,英语,大卫·林奇,Christopher De Vore,A true story of courage and human dignity.,象人（约翰•赫特 John Hurt 饰）是一个天生的畸形症患者，他的脸长得就像大象的脸，因此而得名。象人一直被利欲昏心的马戏团老板利用，带到世界各地去巡回演出，受尽了非人的虐待。象人所经受的遭遇社会名流们都会感到不可思议，然而乐观坚强的象人却承担了下来。
黎明墙,2017,2018-03-11,"纪录,冒险",101,80,英语,Josh Lowell,Peter Mortimer,简介,讲述两名男子徒手征服“世界最难攀登绝壁”黎明墙的经历，热血沸腾鼓舞人心[并不简单] 2015年1月，Tommy Caldwell和Kevin Jorgeson开始攀登，两人在陡峭的垂直悬崖上生活了数周，引发了全球媒体的狂热关注。对Caldwell来说，这不仅仅是一次攀登，也是证明自己的强大之处的机会：22岁时，Caldwell被吉尔吉斯斯坦叛军挟持为人质，不久后他在一次事故中失去食指。两人耗时将近20天，成功登顶加利福利亚约塞米蒂国家公园的埃尔卡皮坦山，创下了徒手攀上黎明墙的世界纪录。  在此之前，两人花费了6年的时间规划路线，于2010和2011年两次尝试攀爬，均以失败告终。1958年首次有人征服黎明墙，目前约有100多条攀登路线，但从未有人徒手登顶。奥巴马也曾在两人成功后表示祝贺，称“一切皆有可能”。
隐藏人物,2016,2017-06-16,"剧情,历史",127,80,英语,西奥多·梅尔菲,艾莉森·施罗德,在你所做的任务背后，认识你不认识的女人。,影片讲述1962年，汉森饰演的非裔美国数学家与斯宾瑟和梦奈两位“同事”组成智囊团，为宇航员约翰·格伦成功绕地球轨道飞行做出贡献。
罗生门,1950,1950-08-26,"犯罪,剧情,悬疑",88,80,日语,黑泽明,芥川龙之介,丈夫，妻子……还是强盗？,这部引人入胜的心理惊悚片探讨真相的本质与正义的意义，被广泛视为影史最伟大的作品之一。四名当事人对一名男子的被杀及其妻子遭强奸的事件给出了截然不同的说法，导演黑泽明以极具冲击力的影像和巧妙的闪回手法呈现这段罗生门。这部雄辩的杰作在国际影坛引起轰动，革新了电影语言，并将日本电影——以及一位气场十足的新星，名为三船敏郎——带向了西方世界。[标准收藏]
特殊的一天,1977,1977-08-11,"剧情,爱情",106,80,意大利语,Ettore Scola,鲁杰罗·马卡里,A special film about two special people.,特殊的一天是指1938年5月6日，这天希特勒与墨索里尼在罗马进行所谓的“高峰会议”，整个罗马城里的电台日夜都在鼓吹法西斯的威力和成就，罗马全体居民都放假一天来到广场集合听讲话。中年妇女安东尼泰是个本分的家庭妇女，这天她因照顾孩子操忙家务而没有去参加集会，因而认识了新来的邻居，一个电台播音员。两人从不认识到互相攀谈，发展到激情和肉体交欢，都在短短一天内。就在他们分别后的晚上，播音员被法西斯带走，而安东尼泰则似乎重新找回了生活的激情。
福尔摩斯二世,1924,1924-04-17,"动作,喜剧,悬疑",45,80,英语,巴斯特·基頓,克莱德·布鲁克曼,每一帧画面都充满了笑点！,影片的男主角基顿（巴斯特·基顿 Buster Keaton 饰）是一名乡村影院电影放映师，他喜欢阅读侦探类的书籍，经常幻想自己就是一名像福尔摩一样的大侦探。一天，他把价值一元的巧克力糖谎称四元送给女友凯莎琳（Kathryn McGuire 饰），不料被情敌趁机陷害，说基 顿偷了别人的手表拿去当才有钱买巧克力。凯莎琳相信了谗言，遂将基顿赶出门外，并取消了二人之间的婚约。基顿查访之后，发现情敌才是偷表典当的家伙，但却苦无证据洗清冤情。某日，基顿在放映电影时，发现银幕上的故事竟和他的遭遇同出一辙，而且人物也雷同，唯一不同的是电影中的故事发生在一个上流家庭而已。基顿边放映电影边沉溺在电影之中，于是走出放映室，从观众席走入银幕之中逮捕情敌罪犯。可是进入银幕后的基顿却四处碰壁，一筹莫展．随着场景的变化，银幕上的映象不断从幻想变成事实……
驯龙高手：归家,2019,2019-12-03,"动画,奇幻,冒险,家庭",21,80,英语,蒂姆·约翰逊,乔纳森·格罗夫,简介,故事发生在小嗝嗝与没牙仔分开的五年之后，博克岛一年一度的亲衣节又到了，然而随着小嗝嗝的孩子们的长大，对龙与人曾经那段真挚而深刻的友谊只能通过父母的言语来了解，不免产生了质疑，小嗝嗝为防止孩子们对龙的误解，又能想出怎样的妙招呢？
雄狮,2016,2017-06-23,剧情,118,80,英语,加斯·戴维斯,卢克·戴维斯,The search begins,萨罗 和妹妹、哥哥以及母亲过着相依为命的生活，虽然贫穷艰辛，但一家人在一起相互扶持，日子过得依然温暖而又充满了欢乐。一次偶然中，萨罗同哥哥在火车站走散了，误打误撞之中，萨罗登上了一列开往加尔各答的火车，在那里，萨罗成为了露宿街头的流浪儿，并最终被送进了收容所。
甜蜜的生活,1960,1960-02-05,"喜剧,剧情",174,80,意大利语,费德里科·费里尼,恩尼奥·弗拉亚诺,The world’s most talked about movie today!,作为史上最受欢迎的意大利导演之票房巅峰作，此片一举将费德里科·费里尼推向国际主流视野——讽刺的是，它恰恰通过尖锐批判明星文化而达成此成就。影片审视罗马奢华光鲜阶层诱人生活方式下的黑暗底色，跟随一位声名狼藉的八卦记者，记录其在聚光灯边缘奔波忙碌的一周。这部尖刻的影像不仅是对当代欧洲日益深化的堕落风气的犀利评论，更精准预言了社会将对八卦与名声产生何等病态的追逐。[标准收藏公司]
乱,1985,1985-06-01,"动作,剧情,历史",160,80,日语,黑泽明,小国英雄,在这个疯狂的世界里，唯有疯狂者才保持着清醒。,电影大师黑泽明将莎士比亚的《李尔王》重构为一部以十六世纪日本为背景的史诗巨作。这部气势恢宏的晚年杰作，以磅礴的叙事透视战争的虚妄，刻画了一个家族在背叛、贪婪与权力欲望重压之下逐渐崩毁的悲剧图景。
蜗牛回忆录,2024,2025-09-05,"动画,剧情,喜剧",95,80,英语,亚当·艾略特,,"Life can only be understood backwards, but we have to live it forwards.",喜欢收集蜗牛的女孩格蕾丝（莎拉·斯努克 Sarah Snook 配音）在被迫与双胞胎吉尔伯特（柯蒂·斯密特-麦菲 Kodi Smit-McPhee 配音）分开后，结识了古怪的老奶奶萍奇（杰基·韦佛 Jacki Weaver 配音），逐渐找到新的希望和快乐。
与神同行：罪与罚,2017,2017-12-20,"动作,冒险,剧情,奇幻,惊悚",139,80,朝鲜语,金容华,,Fate continues even after death.,阴间有法，所有亡者在死后的49天内都要经过七次审判——分别在杀人狱、懒惰狱、欺骗狱、不义狱、背叛狱、暴力狱、天伦狱中进行，只有通过了七次审判宣告无罪的亡者，才有获得新生的机会。消防员金子洪在一场火灾当中为了救一名女孩而不幸牺牲。地狱使者解怨脉和德春出现在了金子洪的面前。尽管金子洪无法相信自己的死亡，却被德春一脸严肃地告知自己既是亡者、又是贵人。在通往地狱的入口，金子洪遇到了在初军门等着自己的另一位使者江林。他掌管着解怨脉和德春两位使者，同时也将在子洪即将接受的七次审判中为子洪进行辩护...
窃听风暴,2006,2006-03-23,"剧情,惊悚",137,80,德语,弗洛里安·亨克尔·冯·多纳斯马尔克,,柏林墙没倒的时候，东德的秘密警察听过了你的秘密,一部政治惊悚片，亦是一曲人性剧，本片的故事始于1984年的东柏林，时值柏林墙倒塌与“公开性”政策实施五年前，并最终将我们带至1991年已然统一的德国。影片刻画了东德全权秘密警察机构史塔西麾下的精锐军官——格尔德·维泽勒上尉逐渐醒悟的过程。[索尼影业经典]
第二个妈妈,2015,2024-04-22,剧情,112,80,葡萄牙语,Anna Muylaert,,简介,现代圣保罗，勤劳的住家女佣瓦尔对照顾富裕雇主全家起居毫无怨言——从烹饪清洁，到充当他们从襁褓带大的青春期儿子的代母亲。但当瓦尔久未谋面的女儿杰西卡突然出现，这栋宅邸里心照不宣却根深蒂固的阶级壁垒骤然崩塌。自信、聪慧且野心勃勃的杰西卡拒绝接受楼上/楼下的既定秩序，不仅考验着人际关系与忠诚，更迫使所有人重新审视“家”的真正含义。[Oscilloscope Pictures]
奥本海默,2023,2023-08-30,"剧情,历史",181,80,英语,克里斯托弗·诺兰,,世界永远改变。,亲临这部震撼全球的现象级巨制。克里斯托弗·诺兰编剧并执导的本片带领观众深入物理学家J·罗伯特·奥本海默（基里安·墨菲 饰）的内心世界，他在曼哈顿计划中的开创性工作催生了世界上第一颗原子弹。这场无与伦比的银幕盛宴汇聚全明星阵容，包括艾米莉·布朗特、奥斯卡奖得主马特·达蒙、奥斯卡奖提名者小罗伯特·唐尼、奥斯卡奖提名者弗洛伦丝·皮尤、乔什·哈奈特，以及奥斯卡奖得主凯西·阿弗莱克、拉米·马雷克与肯尼思·布拉纳。[环球影业]
杀死比尔：整个血腥事件,2011,2011-03-27,"动作,犯罪",253,80,英语,昆汀·塔伦蒂诺,乌玛·瑟曼,"The 4th film by Quentin Tarantino. Uncut, unrated, and shown in its entirety.",新娘（乌玛·瑟曼 Uma Thurman 饰）曾是暗杀组织中的一名成员，也是组织首脑比尔（大卫·卡拉丁 David Carradine 饰）的情人，金盆洗手后的她结识了一个单纯的小伙子并准备忘掉过去与之结婚。没想到，婚礼当天比尔突然出现，并带领手下大开杀戒，霎时间，圣洁的教堂变成人间地狱。新娘头部中弹昏迷4年，醒来后脑中首先想起的便是昏迷眼前的几张残酷的面孔，“黑曼巴”、“蝮蛇”、“百步蛇”、“加州山蛇”和比尔，他们是曾经的同僚和爱人，是如今的敌人。满腔怒火的新娘要一一的找到她们，不问是非对错，赶尽杀绝。本片将《杀死比尔》一、二两部串联在一起，时长3个小时10分钟，并无传言所说的删减片段和内容增加，但在配乐和音效方面做了改动，使整个复杂离奇的故事更加的连贯和生动。
布达佩斯大饭店,2014,2014-03-07,"喜剧,剧情",100,80,英语,韦斯·安德森,雨果·吉尼斯,D夫人巨额财产谋杀案，围绕其猝死的最骇人听闻事件！,韦斯·安德森以其冷峻机锋与视觉奇想，在两次世界大战之间旧世浮华的欧洲舞台上，铺陈开这场精致的冒险轶事。在奢华非凡的布达佩斯大饭店中，礼宾员古斯塔沃先生与他的年轻门生零因卷入一起无价文艺复兴画作失窃案与巨额家族遗产争夺战而建立起坚不可摧的羁绊——而此时整个大陆正被政局动荡所吞噬。这部精心雕琢的作品既是酣畅淋漓的流浪汉传奇，亦是对逝去世界之辉煌与友谊的深情颂歌。[标准收藏]
一封关于父亲的信,2008,2008-10-31,"纪录,犯罪",93,80,英语,Kurt Kuenne,,简介,本片是一部极具个人色彩的纪录片，深情而强烈地讲述了柯特挚友被谋杀的案件，以及随后发生的、令人难以置信的法律与情感疯狂。[Oscilloscope Pictures]
被遗忘的人们,1950,1950-12-09,"剧情,犯罪",82,80,西班牙语,路易斯·布努埃尔,Luis Alcoriza,简介,一群少年犯在墨西哥城臭名昭著的贫民窟中过着暴力的生活，其中年轻的佩德罗（Pedro）的道德观逐渐被其他人腐蚀和摧毁。
出租车司机,2017,2017-08-02,"动作,剧情,历史",137,80,朝鲜语,张勋,严宥娜,"Based on true events, an untold story of a taxi driver.",《出租车司机》讲述了搭载德国记者尤尔根·欣茨佩特（托马斯·克莱彻曼 饰），偶然来到光州的出租车司机金四福（宋康昊 饰）身上发生的故事。
我的名字叫可汗,2010,2010-02-10,"剧情,爱情",165,80,印地语,Shibani Bathija,Karan Johar,"An Ordinary Man, An Extraordinary Journey... FOR LOVE.",信奉伊斯兰教的里兹瓦·罕（沙鲁克·罕 Shahrukh Khan 饰）从小患有阿斯伯格综合症，母亲去世后，他追随弟弟扎克尔（吉米·舍尔吉勒 Jimmy Shergill 饰）的脚步从印度孟买移民美国旧金山。里兹瓦在帮哥哥的化妆品公司推销美容产品时认识了经营发廊的单身母亲曼迪娅（卡卓尔 Kajol 饰）。里兹瓦不顾哥哥的反对执意与印度教的曼迪娅结为夫妇，一家人和谐美满。9.11恐怖袭击的发生使美国国内掀起了反对、歧视穆斯林教徒的风潮，里兹瓦与曼迪娅的发廊被迫关张，而曼迪娅的独子山姆（Yuvaan Makaar 饰）更是在一场由种族歧视引发的少年争斗中意外身亡。悲愤的曼迪娅将愤怒发泄在了里兹瓦的穆斯林姓氏“罕”上，说只有里兹瓦告诉美国人民及美国总统他的姓氏并非与恐怖分子相关，才会与他再次相见。就这样，执着的里兹瓦踏上了艰难的觐见总统之途……
华尔街之狼,2013,2013-12-25,"犯罪,剧情,喜剧",180,80,英语,马丁·斯科塞斯,特伦斯·温特,赚取。消费。派对。,在危机四伏的投资界，掌管史崔顿·奥克蒙公司的乔丹·贝尔福特生活侈靡、实力雄厚。1987年，22岁的乔丹进入罗斯柴尔德公司，从接线员做起，在高级经纪人马克指点下，进入了股票经纪人充满毒品和欲望的世界，半年后因“黑色星期一”，乔丹转投靠贩卖“便士股票”的小公司，凭借巧舌如簧获得成功，与邻居唐尼和一班朋友另立门户，游走在灰色地带获利颇丰，获称“华尔街之狼”，然而，FBI已经开始留意他。
相信我：被诱拐的丽莎·麦克维,2018,2018-09-30,"剧情,犯罪",87,80,英语,Jim Donovan,克里斯蒂娜·威尔士,简介,一名17岁的少女在她计划自杀的当晚被绑架，她必须为活下去而战斗。她设法说服袭击者放过她，在经过26小时后等来了生机。但当她回家时，除了一名怀疑凶手为连环杀手的侦探外，没有人相信她的故事。
莫扎特传,1984,1984-09-19,"历史,音乐,剧情",160,80,英语,米洛斯·福尔曼,Peter Shaffer,The Man... The Music... The Madness... The Murder... The Motion Picture.,影片呈现了天才莫扎特（汤姆·休斯克 饰）与心怀嫉妒的宫廷作曲家萨列里（F·莫里·亚伯拉罕 饰）之间的较量——后者可能正是摧毁莫扎特事业并缩短其生命的推手。
吉尔莫·德尔·托罗的匹诺曹,2022,2022-11-09,"动画,奇幻,冒险,剧情",117,80,英语,吉尔莫·德尔·托罗,马克·古斯塔夫森,爱会给你生命。,奥斯卡金像奖获奖电影制作人吉尔莫·德尔·托罗对卡洛·科洛迪的经典故事进行了改编：一个牵线木偶神奇地有了生命，为悲伤的木雕师杰佩托带来慰藉。这部异想天开的定格动画电影由吉尔莫·德尔·托罗和马克·古斯塔夫森执导。为了在世界上找到自己的位置，匹诺曹开始了捣蛋、叛逆的冒险之旅。
切肤之痛,2018,2018-08-29,剧情,100,80,意大利语,Alessio Cremonini,Lisa Nur Sultan,The last seven days of Stefano Cucchi,刚刚结束的第75届威尼斯电影节(2018)地平线单元开幕片，真实事件改编，电影主人公的原型是意大利青年StefanoCucchi，2009年10月15日，他因携带毒品被警方逮捕，但是在被捕后短短六天的时间里，他的健康状况急剧恶化，并于当月22日死于监狱中。StefanoCucchi的死因至今是个谜，而他的家人仍然没有放弃寻找真相......
"Veinteañera, divorciada y fantástica",2020,2020-02-14,喜剧,93,80,西班牙语,Noé Santillán-López,José Alberto López,简介,"Regina, our young protagonist, always dreamed of getting married. And she did it - but the dream lasted much less than she thought and now she has to face life in a very funny way as a divorcee."
骗中骗,1973,1973-12-25,"喜剧,犯罪,剧情",129,80,英语,乔治·罗伊·希尔,大卫·沙德·沃德,...all it takes is a little confidence.,1936年9月的芝加哥，一名年轻的骗子为给遇害的搭档复仇，与一位骗术大师联手，设局从一名犯罪头目银行家手中赢取巨额财富。
黄昏双镖客,1965,1965-12-18,西部,132,80,意大利语,赛尔乔·莱昂内,卢西亚诺·文森佐尼,没有名字的人回来了…黑衣人正在等待…一个行走的武器库：解围、攻击和杀戮！,Indio（吉昂·马利亚·沃隆特 Gian Maria Volonté 饰）是一个穷凶极恶的通缉犯，他伙同他的团伙屡次作案，他有一个怀表，每次大开杀戒之前都会看一看表，表上有一个女人的照片。赏金猎人Manco（克林特·伊斯特伍德 Clint Eastwood 饰）正在追捕Indio，而另外一个赏金猎人Colonel Douglas Mortimer （李·范·克里夫 Lee Van Cleef 饰）也在追捕同样的目标。两人一开始都看对方不顺眼，后来才决定一起追捕Indio。两人得知Indio准备去抢劫银行，于是定下计谋，让Mortimer加入Indio的团队，之后再和Manco来个里应外合。后来两人不慎被Indio所抓获。到底Manco和Mortimer能否除掉Indio，而Indio怀表里那个女人又和Mortimer有何联系？
Love Hurts,2002,2002-11-08,"剧情,爱情",104,80,西班牙语,Fernando Sariñana,Carolina Rivera,Who says money isn't important?,Family and friends try to sabotage the budding romance between a young upper class girl and a humble student.
四百击,1959,1959-06-03,剧情,99,80,法语,弗朗索瓦·特吕弗,,Angel faces hell-bent for violence.,特吕弗的半自传体作品，探讨了一个13岁男孩的生活和内心世界。安托万（让-皮埃尔•利奥德 Jean-Pierre Léaud 饰）处于成长的叛逆期，却没有得到良好的成长土壤。他面对着僵化保守的学校教育制度、四分五裂的家庭坏境和残酷冰冷的社会面相，无论如何都找不到出路。他逃课，见到母亲和他人偷情，跟老师谎称母亲去世，谎言被揭穿后，他离家出走，彻夜不归，并为了归还偷走的打印机而被警察当场抓住，带去了少管中心，但他还是在大家不留神的时候逃走了。安托万拼命往外跑，身后警笛鸣起，迷惘的安托万一直朝着大海奔跑……
艾拉：战争之女,2017,2017-10-27,"剧情,战争,历史",124,80,土耳其语,Can Ulkay,Yiğit Güralp,简介,讲述1950年赴朝鲜参战的一名土耳其军官与一名韩国孤儿之间的感人故事
梦之安魂曲,2000,2000-10-06,"犯罪,剧情",102,80,英语,达伦·阿罗诺夫斯基,小休伯特·塞尔比,救命啊！我快要崩溃了。,哈瑞和玛丽安彼此相爱，梦想着开个服装店，梦想着有个美好的明天。然而他们都离不开毒品，并想着以销毒赚得第一桶金。哈瑞的母亲是个彻底的电视迷，最大的梦想是上电视，为此不顾年迈吞食减肥药。由于药品里的毒品成分，她渐渐上了瘾。哈瑞的朋友狄龙同样是个瘾君子，为了挣大钱加入了黑社会。为了梦想，他们努力着，却一步步深陷毒品难以自拔。
罗马，不设防的城市,1945,1945-10-08,"剧情,战争",104,80,意大利语,罗伯托·罗塞里尼,塞尔吉奥·阿米代,Our battle has barely begun.,二次大战结束前夕，占领罗马的德军仍大肆搜捕游击队。遭到追捕的地下党员工程师曼发弟逃出来，又在平娜的帮助下见到了唐 皮得罗神父，请神父将一笔巨款交给游击队。德军包围了平娜家，向逮捕曼发弟，神父镇静的应付德军，德军只抓走了平娜就要嫁给的工人弗兰西斯科，并杀死了平娜。曼发弟与绝处逢生的弗兰西斯克继续在城内活动。由于曼发弟的女友告密，曼发弟和神父被捕，他们都在敌人的酷刑和枪弹下英勇牺牲... ...
纽伦堡大审判,1961,1961-12-19,"剧情,历史",191,80,英语,Stanley Kramer,Abby Mann,The event the world will never forget.,由斯潘塞．特蕾西、理查德．威德马克等联合主演的本片是一部群星戏。讲述二战后在纽伦堡提审德国纳粹计划的法律关系者，三个被告提审的原因是给犹太人施行断种手术。担任主审判长的是美国人赫鲁特，他主张其中两个被告无罪；而德国司法部长亚林克竟对此事保持沉默，但检查官罗森上校却激烈的指责被告，因此三个人展开激烈的辩论。审讯继续进行下去。而美国的高级官员们希望能在审判中获提德国所犯罪行的良好证明，因此对审判施以极大的压力，但赫鲁特坚守法律的正义立场，给予了最公正的判决。在宣布判决结果时，只有亚林对赫鲁特审判长的态度表示赞赏。这部电影是社会派制作人斯坦利．克雷默将赫鲁特审判长的回忆录搬上银幕，拍摄而成的，以突出的演技来表现伦理与伦理间的纠缠关系。此片获得最佳男主角金像奖及最佳改编剧本奖。
博·伯瀚：制造快乐,2016,2016-06-03,"喜剧,音乐",60,80,英语,博·伯翰,Christopher Storer,Are you happy?,博·伯翰 (Bo Burnham) 在他令人眼花缭乱的全新单口喜剧特辑中探讨了生、死、性、虚伪、精神疾病和品客薯片罐头。
爱莉安娜·格兰德：嗨，我爱你,2020,2020-12-21,"音乐,纪录",97,80,英语,保罗·达格代尔,,"This is one small step for woman, one giant leap for woman-kind",爱莉安娜·格兰德登上伦敦的舞台，奉上“甜到翻世界巡回演唱会”，并分享了她在排练和巡演中的幕后生活。
哈利·波特与阿兹卡班的囚徒,2004,2004-09-10,"冒险,奇幻",141,80,英语,阿方索·卡隆,J·K·罗琳,每件事都将改变,在本片中，哈利、罗恩与赫敏已成长为少年，返回霍格沃茨魔法学校开启第三年的学习。这一年，他们被迫直面越狱逃跑的囚犯小天狼星布莱克——一个对哈利构成巨大威胁的人。哈利和他的朋友们在这一年里学习如何驯服半马半鹰的鹰头马身有翼兽、击退会变形的博格特，并掌握占卜学的技艺。他们还造访了巫师村落霍格莫德村，以及号称全英最阴森的尖叫棚屋。除了这些新奇的体验，哈利还必须战胜吸食灵魂的摄魂怪的威胁，智斗危险的狼人，并最终弄清小天狼星布莱克与他自己以及他父母之间的真相。在与挚友的并肩作战中，哈利掌握了高深的魔法，跨越了时间的界限，从而改变了不止一个人的命运。[华纳兄弟]
恐惧的代价,1953,2021-09-17,"剧情,惊悚,冒险",131,80,法语,Henri-Georges Clouzot,Georges Arnaud,‘Dynamic’ ‘Tremendous’ ‘Shattering’,在一座污秽不堪的南美石油小镇，四名走投无路的男子签下一项自杀式任务：驾驶装载硝化甘油的卡车，穿越一条危机四伏的险峻山路。他们将这易爆货物运往远方熊熊燃烧的油井，沿途每一次颠簸震荡都在考验着他们的勇气、情谊与神经。由此诞生的是一部镌刻在胶片史上最伟大的惊悚片之一——由法国传奇悬念大师亨利-乔治·克鲁佐打造的这段令人屏息的紧张之旅。[标准收藏]
史酷比！亲吻乐团收妖记,2015,2015-07-09,"家庭,动画,喜剧,悬疑",79,80,英语,Kevin Shinick,Spike Brandt,简介,史酷比和朋友们以及史上最富有传奇色彩的摇滚乐队之一的亲吻乐团即将在这个全新的世界展开惊心动魄的大冒险！史酷比一行人进入了属于亲吻乐团的主题公园，这个主题公园以惊悚恐怖元素为主，让游人感受不一样的鬼屋之旅。然而他们在公园里发现了一系列奇怪的事情，在亲吻乐团的帮助下，他们了解到全身深红色的女巫企图从另一个平行宇宙中召唤可怕的黑暗力量用来摧毁地球，幸运的是邪恶又可怕的计划被史酷比他们的到来彻底打乱了。但是史酷比一行人以及亲吻乐团能否成功拯救地球呢？
忠犬八公的故事,2009,2009-06-08,"剧情,家庭",93,80,英语,莱塞·霍尔斯道姆,斯蒂芬·P·林赛,"A true story of faith, devotion and undying love.",八公 是一条谜一样的犬，因为没有人知道它从哪里来。教授帕克 在小镇的火车站拣到一只走失的小狗，冥冥中似乎注定小狗和帕克教授有着某种缘分，帕克一抱起这只小狗就再也放不下来，最终，帕克对小狗八公的疼爱感化了起初极力反对养狗的妻子卡特。八公在帕克的呵护下慢慢长大，帕克上班时八公会一直把他送到车站，下班时八公也会早早便爬在车站等候，八公的忠诚让小镇的人家对它更加疼爱。有一天，八公在帕克要上班时表现异常，居然玩起了以往从来不会的捡球游戏，八公的表现让帕克非常满意，可是就是在那天，帕克因病去世。帕克的妻子、女儿安迪 及女婿迈克尔 怀着无比沉痛的心情埋葬了帕克，可是不明就里的八公却依然每天傍晚五点准时守候在小站的门前，等待着主人归来……
与我为邻,2018,2018-06-29,纪录,95,80,英语,Morgan Neville,,A little kindness makes a world of difference.,本片近距离审视了美国最受欢迎的邻居：弗雷德·罗杰斯先生。这部情感真挚而动人的电影，为我们呈现了一位我们自以为熟悉的人物形象，带领我们超越他那件标志性的拉链毛衣与幻想国度，走进一位富有创造力的天才的内心——他以悲悯与无限的想象力，启迪了一代又一代的孩子。
晚春,1949,1949-09-13,剧情,108,80,日语,小津安二郎,Kazuo Hirotsu,简介,作为小津安二郎最具感染力的家庭肖像之一，本片讲述了丧偶的父亲深感必须为钟爱的独生女安排婚事的故事。小津御用演员笠智众与原节子以精湛演技，诠释了这部关于战后日本爱与失落的隽永诗篇。作品中渗透的微妙张力历久弥新，正是其创作者足以跻身影史殿堂级大师之列的有力印证。[标准收藏公司]
